"#","Time","Temp"
1,05/30/17 12:00:00 PM,24.255
2,05/30/17 12:15:00 PM,27.468
3,05/30/17 12:30:00 PM,23.388
4,05/30/17 12:45:00 PM,19.567
5,05/30/17 01:00:00 PM,22.525
6,05/30/17 01:15:00 PM,22.142
7,05/30/17 01:30:00 PM,17.379
8,05/30/17 01:45:00 PM,17.284
9,05/30/17 02:00:00 PM,16.999
10,05/30/17 02:15:00 PM,16.618
11,05/30/17 02:30:00 PM,16.808
12,05/30/17 02:45:00 PM,16.903
13,05/30/17 03:00:00 PM,16.618
14,05/30/17 03:15:00 PM,16.332
15,05/30/17 03:30:00 PM,16.141
16,05/30/17 03:45:00 PM,16.427
17,05/30/17 04:00:00 PM,16.332
18,05/30/17 04:15:00 PM,16.332
19,05/30/17 04:30:00 PM,16.332
20,05/30/17 04:45:00 PM,16.427
21,05/30/17 05:00:00 PM,16.427
22,05/30/17 05:15:00 PM,16.141
23,05/30/17 05:30:00 PM,15.855
24,05/30/17 05:45:00 PM,15.760
25,05/30/17 06:00:00 PM,15.569
26,05/30/17 06:15:00 PM,15.187
27,05/30/17 06:30:00 PM,15.091
28,05/30/17 06:45:00 PM,14.996
29,05/30/17 07:00:00 PM,15.187
30,05/30/17 07:15:00 PM,14.709
31,05/30/17 07:30:00 PM,14.325
32,05/30/17 07:45:00 PM,14.230
33,05/30/17 08:00:00 PM,14.038
34,05/30/17 08:15:00 PM,13.750
35,05/30/17 08:30:00 PM,13.558
36,05/30/17 08:45:00 PM,13.365
37,05/30/17 09:00:00 PM,13.076
38,05/30/17 09:15:00 PM,13.076
39,05/30/17 09:30:00 PM,12.980
40,05/30/17 09:45:00 PM,12.883
41,05/30/17 10:00:00 PM,12.690
42,05/30/17 10:15:00 PM,12.594
43,05/30/17 10:30:00 PM,12.594
44,05/30/17 10:45:00 PM,12.497
45,05/30/17 11:00:00 PM,12.497
46,05/30/17 11:15:00 PM,12.497
47,05/30/17 11:30:00 PM,12.401
48,05/30/17 11:45:00 PM,12.401
49,05/31/17 12:00:00 AM,12.304
50,05/31/17 12:15:00 AM,12.207
51,05/31/17 12:30:00 AM,12.013
52,05/31/17 12:45:00 AM,12.013
53,05/31/17 01:00:00 AM,11.916
54,05/31/17 01:15:00 AM,11.916
55,05/31/17 01:30:00 AM,12.013
56,05/31/17 01:45:00 AM,12.013
57,05/31/17 02:00:00 AM,12.013
58,05/31/17 02:15:00 AM,12.013
59,05/31/17 02:30:00 AM,12.013
60,05/31/17 02:45:00 AM,11.916
61,05/31/17 03:00:00 AM,11.916
62,05/31/17 03:15:00 AM,11.916
63,05/31/17 03:30:00 AM,11.916
64,05/31/17 03:45:00 AM,11.916
65,05/31/17 04:00:00 AM,11.916
66,05/31/17 04:15:00 AM,11.916
67,05/31/17 04:30:00 AM,11.916
68,05/31/17 04:45:00 AM,11.916
69,05/31/17 05:00:00 AM,11.916
70,05/31/17 05:15:00 AM,11.916
71,05/31/17 05:30:00 AM,12.013
72,05/31/17 05:45:00 AM,12.013
73,05/31/17 06:00:00 AM,12.110
74,05/31/17 06:15:00 AM,12.110
75,05/31/17 06:30:00 AM,12.207
76,05/31/17 06:45:00 AM,12.304
77,05/31/17 07:00:00 AM,12.497
78,05/31/17 07:15:00 AM,12.497
79,05/31/17 07:30:00 AM,12.594
80,05/31/17 07:45:00 AM,12.690
81,05/31/17 08:00:00 AM,12.883
82,05/31/17 08:15:00 AM,12.980
83,05/31/17 08:30:00 AM,13.269
84,05/31/17 08:45:00 AM,13.654
85,05/31/17 09:00:00 AM,13.654
86,05/31/17 09:15:00 AM,13.846
87,05/31/17 09:30:00 AM,14.038
88,05/31/17 09:45:00 AM,14.517
89,05/31/17 10:00:00 AM,14.900
90,05/31/17 10:15:00 AM,14.900
91,05/31/17 10:30:00 AM,15.091
92,05/31/17 10:45:00 AM,14.996
93,05/31/17 11:00:00 AM,14.996
94,05/31/17 11:15:00 AM,15.091
95,05/31/17 11:30:00 AM,15.282
96,05/31/17 11:45:00 AM,16.237
97,05/31/17 12:00:00 PM,16.427
98,05/31/17 12:15:00 PM,16.523
99,05/31/17 12:30:00 PM,16.523
100,05/31/17 12:45:00 PM,16.713
101,05/31/17 01:00:00 PM,17.665
102,05/31/17 01:15:00 PM,18.140
103,05/31/17 01:30:00 PM,18.045
104,05/31/17 01:45:00 PM,18.521
105,05/31/17 02:00:00 PM,18.426
106,05/31/17 02:15:00 PM,19.377
107,05/31/17 02:30:00 PM,19.282
108,05/31/17 02:45:00 PM,19.853
109,05/31/17 03:00:00 PM,19.948
110,05/31/17 03:15:00 PM,19.567
111,05/31/17 03:30:00 PM,19.282
112,05/31/17 03:45:00 PM,19.758
113,05/31/17 04:00:00 PM,20.519
114,05/31/17 04:15:00 PM,20.329
115,05/31/17 04:30:00 PM,20.234
116,05/31/17 04:45:00 PM,20.043
117,05/31/17 05:00:00 PM,19.948
118,05/31/17 05:15:00 PM,19.948
119,05/31/17 05:30:00 PM,19.662
120,05/31/17 05:45:00 PM,19.567
121,05/31/17 06:00:00 PM,19.662
122,05/31/17 06:15:00 PM,19.567
123,05/31/17 06:30:00 PM,19.662
124,05/31/17 06:45:00 PM,19.377
125,05/31/17 07:00:00 PM,18.996
126,05/31/17 07:15:00 PM,18.521
127,05/31/17 07:30:00 PM,18.045
128,05/31/17 07:45:00 PM,17.570
129,05/31/17 08:00:00 PM,17.379
130,05/31/17 08:15:00 PM,16.999
131,05/31/17 08:30:00 PM,16.903
132,05/31/17 08:45:00 PM,16.808
133,05/31/17 09:00:00 PM,15.760
134,05/31/17 09:15:00 PM,14.804
135,05/31/17 09:30:00 PM,14.613
136,05/31/17 09:45:00 PM,14.421
137,05/31/17 10:00:00 PM,14.325
138,05/31/17 10:15:00 PM,14.230
139,05/31/17 10:30:00 PM,14.038
140,05/31/17 10:45:00 PM,13.750
141,05/31/17 11:00:00 PM,13.461
142,05/31/17 11:15:00 PM,13.461
143,05/31/17 11:30:00 PM,13.269
144,05/31/17 11:45:00 PM,13.461
145,06/01/17 12:00:00 AM,13.461
146,06/01/17 12:15:00 AM,13.750
147,06/01/17 12:30:00 AM,13.750
148,06/01/17 12:45:00 AM,13.846
149,06/01/17 01:00:00 AM,13.846
150,06/01/17 01:15:00 AM,13.750
151,06/01/17 01:30:00 AM,13.558
152,06/01/17 01:45:00 AM,13.365
153,06/01/17 02:00:00 AM,13.269
154,06/01/17 02:15:00 AM,13.076
155,06/01/17 02:30:00 AM,13.076
156,06/01/17 02:45:00 AM,13.173
157,06/01/17 03:00:00 AM,13.076
158,06/01/17 03:15:00 AM,12.980
159,06/01/17 03:30:00 AM,12.980
160,06/01/17 03:45:00 AM,12.690
161,06/01/17 04:00:00 AM,12.207
162,06/01/17 04:15:00 AM,12.401
163,06/01/17 04:30:00 AM,12.304
164,06/01/17 04:45:00 AM,12.207
165,06/01/17 05:00:00 AM,11.722
166,06/01/17 05:15:00 AM,11.722
167,06/01/17 05:30:00 AM,11.528
168,06/01/17 05:45:00 AM,11.722
169,06/01/17 06:00:00 AM,11.819
170,06/01/17 06:15:00 AM,11.916
171,06/01/17 06:30:00 AM,12.110
172,06/01/17 06:45:00 AM,12.690
173,06/01/17 07:00:00 AM,13.076
174,06/01/17 07:15:00 AM,14.038
175,06/01/17 07:30:00 AM,14.613
176,06/01/17 07:45:00 AM,15.664
177,06/01/17 08:00:00 AM,16.141
178,06/01/17 08:15:00 AM,16.999
179,06/01/17 08:30:00 AM,16.999
180,06/01/17 08:45:00 AM,17.475
181,06/01/17 09:00:00 AM,17.475
182,06/01/17 09:15:00 AM,18.236
183,06/01/17 09:30:00 AM,18.616
184,06/01/17 09:45:00 AM,18.616
185,06/01/17 10:00:00 AM,19.282
186,06/01/17 10:15:00 AM,20.138
187,06/01/17 10:30:00 AM,21.282
188,06/01/17 10:45:00 AM,21.091
189,06/01/17 11:00:00 AM,21.569
190,06/01/17 11:15:00 AM,22.429
191,06/01/17 11:30:00 AM,24.062
192,06/01/17 11:45:00 AM,25.902
193,06/01/17 12:00:00 PM,24.448
194,06/01/17 12:15:00 PM,24.255
195,06/01/17 12:30:00 PM,25.028
196,06/01/17 12:45:00 PM,21.760
197,06/01/17 01:00:00 PM,19.948
198,06/01/17 01:15:00 PM,18.521
199,06/01/17 01:30:00 PM,19.187
200,06/01/17 01:45:00 PM,20.901
201,06/01/17 02:00:00 PM,22.908
202,06/01/17 02:15:00 PM,22.621
203,06/01/17 02:30:00 PM,20.519
204,06/01/17 02:45:00 PM,19.187
205,06/01/17 03:00:00 PM,19.377
206,06/01/17 03:15:00 PM,20.234
207,06/01/17 03:30:00 PM,23.484
208,06/01/17 03:45:00 PM,21.091
209,06/01/17 04:00:00 PM,21.378
210,06/01/17 04:15:00 PM,21.091
211,06/01/17 04:30:00 PM,21.091
212,06/01/17 04:45:00 PM,20.615
213,06/01/17 05:00:00 PM,19.948
214,06/01/17 05:15:00 PM,19.758
215,06/01/17 05:30:00 PM,19.948
216,06/01/17 05:45:00 PM,19.758
217,06/01/17 06:00:00 PM,19.472
218,06/01/17 06:15:00 PM,19.377
219,06/01/17 06:30:00 PM,19.092
220,06/01/17 06:45:00 PM,18.806
221,06/01/17 07:00:00 PM,18.616
222,06/01/17 07:15:00 PM,18.331
223,06/01/17 07:30:00 PM,18.045
224,06/01/17 07:45:00 PM,17.189
225,06/01/17 08:00:00 PM,16.523
226,06/01/17 08:15:00 PM,15.760
227,06/01/17 08:30:00 PM,14.996
228,06/01/17 08:45:00 PM,14.325
229,06/01/17 09:00:00 PM,13.846
230,06/01/17 09:15:00 PM,13.461
231,06/01/17 09:30:00 PM,12.980
232,06/01/17 09:45:00 PM,12.497
233,06/01/17 10:00:00 PM,12.207
234,06/01/17 10:15:00 PM,11.916
235,06/01/17 10:30:00 PM,11.625
236,06/01/17 10:45:00 PM,11.722
237,06/01/17 11:00:00 PM,11.528
238,06/01/17 11:15:00 PM,11.625
239,06/01/17 11:30:00 PM,12.401
240,06/01/17 11:45:00 PM,13.461
241,06/02/17 12:00:00 AM,13.750
242,06/02/17 12:15:00 AM,13.750
243,06/02/17 12:30:00 AM,13.750
244,06/02/17 12:45:00 AM,13.654
245,06/02/17 01:00:00 AM,13.558
246,06/02/17 01:15:00 AM,13.076
247,06/02/17 01:30:00 AM,13.076
248,06/02/17 01:45:00 AM,13.173
249,06/02/17 02:00:00 AM,13.076
250,06/02/17 02:15:00 AM,12.787
251,06/02/17 02:30:00 AM,12.497
252,06/02/17 02:45:00 AM,11.819
253,06/02/17 03:00:00 AM,10.846
254,06/02/17 03:15:00 AM,10.063
255,06/02/17 03:30:00 AM,9.571
256,06/02/17 03:45:00 AM,8.978
257,06/02/17 04:00:00 AM,8.680
258,06/02/17 04:15:00 AM,8.182
259,06/02/17 04:30:00 AM,7.882
260,06/02/17 04:45:00 AM,7.481
261,06/02/17 05:00:00 AM,7.381
262,06/02/17 05:15:00 AM,6.877
263,06/02/17 05:30:00 AM,6.877
264,06/02/17 05:45:00 AM,6.877
265,06/02/17 06:00:00 AM,7.280
266,06/02/17 06:15:00 AM,7.983
267,06/02/17 06:30:00 AM,8.481
268,06/02/17 06:45:00 AM,9.176
269,06/02/17 07:00:00 AM,9.768
270,06/02/17 07:15:00 AM,10.553
271,06/02/17 07:30:00 AM,11.431
272,06/02/17 07:45:00 AM,13.076
273,06/02/17 08:00:00 AM,13.654
274,06/02/17 08:15:00 AM,14.613
275,06/02/17 08:30:00 AM,15.282
276,06/02/17 08:45:00 AM,16.046
277,06/02/17 09:00:00 AM,16.808
278,06/02/17 09:15:00 AM,17.284
279,06/02/17 09:30:00 AM,18.045
280,06/02/17 09:45:00 AM,18.521
281,06/02/17 10:00:00 AM,19.187
282,06/02/17 10:15:00 AM,19.472
283,06/02/17 10:30:00 AM,20.519
284,06/02/17 10:45:00 AM,20.424
285,06/02/17 11:00:00 AM,20.519
286,06/02/17 11:15:00 AM,20.805
287,06/02/17 11:30:00 AM,23.100
288,06/02/17 11:45:00 AM,21.664
289,06/02/17 12:00:00 PM,21.187
290,06/02/17 12:15:00 PM,21.664
291,06/02/17 12:30:00 PM,20.805
292,06/02/17 12:45:00 PM,20.996
293,06/02/17 01:00:00 PM,21.282
294,06/02/17 01:15:00 PM,22.046
295,06/02/17 01:30:00 PM,22.238
296,06/02/17 01:45:00 PM,22.812
297,06/02/17 02:00:00 PM,23.773
298,06/02/17 02:15:00 PM,23.581
299,06/02/17 02:30:00 PM,23.004
300,06/02/17 02:45:00 PM,21.951
301,06/02/17 03:00:00 PM,21.473
302,06/02/17 03:15:00 PM,20.615
303,06/02/17 03:30:00 PM,21.473
304,06/02/17 03:45:00 PM,19.662
305,06/02/17 04:00:00 PM,16.237
306,06/02/17 04:15:00 PM,15.664
307,06/02/17 04:30:00 PM,16.332
308,06/02/17 04:45:00 PM,16.523
309,06/02/17 05:00:00 PM,16.332
310,06/02/17 05:15:00 PM,16.427
311,06/02/17 05:30:00 PM,16.523
312,06/02/17 05:45:00 PM,16.618
313,06/02/17 06:00:00 PM,16.523
314,06/02/17 06:15:00 PM,16.903
315,06/02/17 06:30:00 PM,16.713
316,06/02/17 06:45:00 PM,16.427
317,06/02/17 07:00:00 PM,16.141
318,06/02/17 07:15:00 PM,16.046
319,06/02/17 07:30:00 PM,15.951
320,06/02/17 07:45:00 PM,15.664
321,06/02/17 08:00:00 PM,15.473
322,06/02/17 08:15:00 PM,15.187
323,06/02/17 08:30:00 PM,14.804
324,06/02/17 08:45:00 PM,14.421
325,06/02/17 09:00:00 PM,13.461
326,06/02/17 09:15:00 PM,12.787
327,06/02/17 09:30:00 PM,11.819
328,06/02/17 09:45:00 PM,11.334
329,06/02/17 10:00:00 PM,10.455
330,06/02/17 10:15:00 PM,10.357
331,06/02/17 10:30:00 PM,9.866
332,06/02/17 10:45:00 PM,9.669
333,06/02/17 11:00:00 PM,9.472
334,06/02/17 11:15:00 PM,9.275
335,06/02/17 11:30:00 PM,9.176
336,06/02/17 11:45:00 PM,8.779
337,06/03/17 12:00:00 AM,8.680
338,06/03/17 12:15:00 AM,8.382
339,06/03/17 12:30:00 AM,8.082
340,06/03/17 12:45:00 AM,7.983
341,06/03/17 01:00:00 AM,7.381
342,06/03/17 01:15:00 AM,7.381
343,06/03/17 01:30:00 AM,7.179
344,06/03/17 01:45:00 AM,6.978
345,06/03/17 02:00:00 AM,6.877
346,06/03/17 02:15:00 AM,6.674
347,06/03/17 02:30:00 AM,6.471
348,06/03/17 02:45:00 AM,6.471
349,06/03/17 03:00:00 AM,6.268
350,06/03/17 03:15:00 AM,5.860
351,06/03/17 03:30:00 AM,5.655
352,06/03/17 03:45:00 AM,5.450
353,06/03/17 04:00:00 AM,5.347
354,06/03/17 04:15:00 AM,5.244
355,06/03/17 04:30:00 AM,5.037
356,06/03/17 04:45:00 AM,4.831
357,06/03/17 05:00:00 AM,4.831
358,06/03/17 05:15:00 AM,4.623
359,06/03/17 05:30:00 AM,4.623
360,06/03/17 05:45:00 AM,4.727
361,06/03/17 06:00:00 AM,5.244
362,06/03/17 06:15:00 AM,6.674
363,06/03/17 06:30:00 AM,6.877
364,06/03/17 06:45:00 AM,7.381
365,06/03/17 07:00:00 AM,8.382
366,06/03/17 07:15:00 AM,10.063
367,06/03/17 07:30:00 AM,11.041
368,06/03/17 07:45:00 AM,11.431
369,06/03/17 08:00:00 AM,12.207
370,06/03/17 08:15:00 AM,12.690
371,06/03/17 08:30:00 AM,13.173
372,06/03/17 08:45:00 AM,13.558
373,06/03/17 09:00:00 AM,13.942
374,06/03/17 09:15:00 AM,14.230
375,06/03/17 09:30:00 AM,14.421
376,06/03/17 09:45:00 AM,15.473
377,06/03/17 10:00:00 AM,16.046
378,06/03/17 10:15:00 AM,15.569
379,06/03/17 10:30:00 AM,14.709
380,06/03/17 10:45:00 AM,13.558
381,06/03/17 11:00:00 AM,13.269
382,06/03/17 11:15:00 AM,13.750
383,06/03/17 11:30:00 AM,14.421
384,06/03/17 11:45:00 AM,14.900
385,06/03/17 12:00:00 PM,15.664
386,06/03/17 12:15:00 PM,17.094
387,06/03/17 12:30:00 PM,17.760
388,06/03/17 12:45:00 PM,18.331
389,06/03/17 01:00:00 PM,19.092
390,06/03/17 01:15:00 PM,18.521
391,06/03/17 01:30:00 PM,19.948
392,06/03/17 01:45:00 PM,20.043
393,06/03/17 02:00:00 PM,20.805
394,06/03/17 02:15:00 PM,19.948
395,06/03/17 02:30:00 PM,18.996
396,06/03/17 02:45:00 PM,19.282
397,06/03/17 03:00:00 PM,19.853
398,06/03/17 03:15:00 PM,20.138
399,06/03/17 03:30:00 PM,21.855
400,06/03/17 03:45:00 PM,20.615
401,06/03/17 04:00:00 PM,19.948
402,06/03/17 04:15:00 PM,20.329
403,06/03/17 04:30:00 PM,19.472
404,06/03/17 04:45:00 PM,19.187
405,06/03/17 05:00:00 PM,19.662
406,06/03/17 05:15:00 PM,18.996
407,06/03/17 05:30:00 PM,18.426
408,06/03/17 05:45:00 PM,17.950
409,06/03/17 06:00:00 PM,17.855
410,06/03/17 06:15:00 PM,17.570
411,06/03/17 06:30:00 PM,17.379
412,06/03/17 06:45:00 PM,17.284
413,06/03/17 07:00:00 PM,17.284
414,06/03/17 07:15:00 PM,16.903
415,06/03/17 07:30:00 PM,16.427
416,06/03/17 07:45:00 PM,16.237
417,06/03/17 08:00:00 PM,15.855
418,06/03/17 08:15:00 PM,15.378
419,06/03/17 08:30:00 PM,14.613
420,06/03/17 08:45:00 PM,13.750
421,06/03/17 09:00:00 PM,13.365
422,06/03/17 09:15:00 PM,12.980
423,06/03/17 09:30:00 PM,12.594
424,06/03/17 09:45:00 PM,12.110
425,06/03/17 10:00:00 PM,11.528
426,06/03/17 10:15:00 PM,11.041
427,06/03/17 10:30:00 PM,10.553
428,06/03/17 10:45:00 PM,10.259
429,06/03/17 11:00:00 PM,10.063
430,06/03/17 11:15:00 PM,9.571
431,06/03/17 11:30:00 PM,9.571
432,06/03/17 11:45:00 PM,9.275
433,06/04/17 12:00:00 AM,9.176
434,06/04/17 12:15:00 AM,8.879
435,06/04/17 12:30:00 AM,8.779
436,06/04/17 12:45:00 AM,8.481
437,06/04/17 01:00:00 AM,8.282
438,06/04/17 01:15:00 AM,8.182
439,06/04/17 01:30:00 AM,7.983
440,06/04/17 01:45:00 AM,7.682
441,06/04/17 02:00:00 AM,7.682
442,06/04/17 02:15:00 AM,7.280
443,06/04/17 02:30:00 AM,7.280
444,06/04/17 02:45:00 AM,6.978
445,06/04/17 03:00:00 AM,6.775
446,06/04/17 03:15:00 AM,6.573
447,06/04/17 03:30:00 AM,6.471
448,06/04/17 03:45:00 AM,6.471
449,06/04/17 04:00:00 AM,6.370
450,06/04/17 04:15:00 AM,6.166
451,06/04/17 04:30:00 AM,6.166
452,06/04/17 04:45:00 AM,5.757
453,06/04/17 05:00:00 AM,5.655
454,06/04/17 05:15:00 AM,5.757
455,06/04/17 05:30:00 AM,5.860
456,06/04/17 05:45:00 AM,5.962
457,06/04/17 06:00:00 AM,6.775
458,06/04/17 06:15:00 AM,7.179
459,06/04/17 06:30:00 AM,7.381
460,06/04/17 06:45:00 AM,7.782
461,06/04/17 07:00:00 AM,8.680
462,06/04/17 07:15:00 AM,10.357
463,06/04/17 07:30:00 AM,12.304
464,06/04/17 07:45:00 AM,14.038
465,06/04/17 08:00:00 AM,14.134
466,06/04/17 08:15:00 AM,14.900
467,06/04/17 08:30:00 AM,15.951
468,06/04/17 08:45:00 AM,16.999
469,06/04/17 09:00:00 AM,17.665
470,06/04/17 09:15:00 AM,18.616
471,06/04/17 09:30:00 AM,18.996
472,06/04/17 09:45:00 AM,19.472
473,06/04/17 10:00:00 AM,20.043
474,06/04/17 10:15:00 AM,20.615
475,06/04/17 10:30:00 AM,21.664
476,06/04/17 10:45:00 AM,21.473
477,06/04/17 11:00:00 AM,21.760
478,06/04/17 11:15:00 AM,21.951
479,06/04/17 11:30:00 AM,23.484
480,06/04/17 11:45:00 AM,23.581
481,06/04/17 12:00:00 PM,22.238
482,06/04/17 12:15:00 PM,22.046
483,06/04/17 12:30:00 PM,20.710
484,06/04/17 12:45:00 PM,20.805
485,06/04/17 01:00:00 PM,20.710
486,06/04/17 01:15:00 PM,20.710
487,06/04/17 01:30:00 PM,20.138
488,06/04/17 01:45:00 PM,19.948
489,06/04/17 02:00:00 PM,19.567
490,06/04/17 02:15:00 PM,19.472
491,06/04/17 02:30:00 PM,19.092
492,06/04/17 02:45:00 PM,18.996
493,06/04/17 03:00:00 PM,19.282
494,06/04/17 03:15:00 PM,19.567
495,06/04/17 03:30:00 PM,18.996
496,06/04/17 03:45:00 PM,18.616
497,06/04/17 04:00:00 PM,18.521
498,06/04/17 04:15:00 PM,18.236
499,06/04/17 04:30:00 PM,18.045
500,06/04/17 04:45:00 PM,17.284
501,06/04/17 05:00:00 PM,15.951
502,06/04/17 05:15:00 PM,15.282
503,06/04/17 05:30:00 PM,15.091
504,06/04/17 05:45:00 PM,14.900
505,06/04/17 06:00:00 PM,14.325
506,06/04/17 06:15:00 PM,14.038
507,06/04/17 06:30:00 PM,13.846
508,06/04/17 06:45:00 PM,13.846
509,06/04/17 07:00:00 PM,13.654
510,06/04/17 07:15:00 PM,13.461
511,06/04/17 07:30:00 PM,13.076
512,06/04/17 07:45:00 PM,12.787
513,06/04/17 08:00:00 PM,12.594
514,06/04/17 08:15:00 PM,12.594
515,06/04/17 08:30:00 PM,12.594
516,06/04/17 08:45:00 PM,12.594
517,06/04/17 09:00:00 PM,12.690
518,06/04/17 09:15:00 PM,12.690
519,06/04/17 09:30:00 PM,12.690
520,06/04/17 09:45:00 PM,12.690
521,06/04/17 10:00:00 PM,12.690
522,06/04/17 10:15:00 PM,12.690
523,06/04/17 10:30:00 PM,12.690
524,06/04/17 10:45:00 PM,12.690
525,06/04/17 11:00:00 PM,12.690
526,06/04/17 11:15:00 PM,12.690
527,06/04/17 11:30:00 PM,12.690
528,06/04/17 11:45:00 PM,12.690
529,06/05/17 12:00:00 AM,12.594
530,06/05/17 12:15:00 AM,12.594
531,06/05/17 12:30:00 AM,12.594
532,06/05/17 12:45:00 AM,12.594
533,06/05/17 01:00:00 AM,12.594
534,06/05/17 01:15:00 AM,12.594
535,06/05/17 01:30:00 AM,12.497
536,06/05/17 01:45:00 AM,12.497
537,06/05/17 02:00:00 AM,12.401
538,06/05/17 02:15:00 AM,12.304
539,06/05/17 02:30:00 AM,12.304
540,06/05/17 02:45:00 AM,12.304
541,06/05/17 03:00:00 AM,12.304
542,06/05/17 03:15:00 AM,12.207
543,06/05/17 03:30:00 AM,12.207
544,06/05/17 03:45:00 AM,12.207
545,06/05/17 04:00:00 AM,12.110
546,06/05/17 04:15:00 AM,12.110
547,06/05/17 04:30:00 AM,12.110
548,06/05/17 04:45:00 AM,12.013
549,06/05/17 05:00:00 AM,12.013
550,06/05/17 05:15:00 AM,12.013
551,06/05/17 05:30:00 AM,12.110
552,06/05/17 05:45:00 AM,12.110
553,06/05/17 06:00:00 AM,12.110
554,06/05/17 06:15:00 AM,12.207
555,06/05/17 06:30:00 AM,12.304
556,06/05/17 06:45:00 AM,12.304
557,06/05/17 07:00:00 AM,12.401
558,06/05/17 07:15:00 AM,12.401
559,06/05/17 07:30:00 AM,12.594
560,06/05/17 07:45:00 AM,12.787
561,06/05/17 08:00:00 AM,12.883
562,06/05/17 08:15:00 AM,12.980
563,06/05/17 08:30:00 AM,13.076
564,06/05/17 08:45:00 AM,13.076
565,06/05/17 09:00:00 AM,13.269
566,06/05/17 09:15:00 AM,13.365
567,06/05/17 09:30:00 AM,13.558
568,06/05/17 09:45:00 AM,13.654
569,06/05/17 10:00:00 AM,13.750
570,06/05/17 10:15:00 AM,13.846
571,06/05/17 10:30:00 AM,14.325
572,06/05/17 10:45:00 AM,14.325
573,06/05/17 11:00:00 AM,14.421
574,06/05/17 11:15:00 AM,14.517
575,06/05/17 11:30:00 AM,14.709
576,06/05/17 11:45:00 AM,14.900
577,06/05/17 12:00:00 PM,14.900
578,06/05/17 12:15:00 PM,14.804
579,06/05/17 12:30:00 PM,14.804
580,06/05/17 12:45:00 PM,14.900
581,06/05/17 01:00:00 PM,15.091
582,06/05/17 01:15:00 PM,15.187
583,06/05/17 01:30:00 PM,15.282
584,06/05/17 01:45:00 PM,15.282
585,06/05/17 02:00:00 PM,15.187
586,06/05/17 02:15:00 PM,15.187
587,06/05/17 02:30:00 PM,14.996
588,06/05/17 02:45:00 PM,14.804
589,06/05/17 03:00:00 PM,14.709
590,06/05/17 03:15:00 PM,14.613
591,06/05/17 03:30:00 PM,14.517
592,06/05/17 03:45:00 PM,14.517
593,06/05/17 04:00:00 PM,14.230
594,06/05/17 04:15:00 PM,14.134
595,06/05/17 04:30:00 PM,14.038
596,06/05/17 04:45:00 PM,14.134
597,06/05/17 05:00:00 PM,14.038
598,06/05/17 05:15:00 PM,13.942
599,06/05/17 05:30:00 PM,13.846
600,06/05/17 05:45:00 PM,13.750
601,06/05/17 06:00:00 PM,13.654
602,06/05/17 06:15:00 PM,13.461
603,06/05/17 06:30:00 PM,13.173
604,06/05/17 06:45:00 PM,13.076
605,06/05/17 07:00:00 PM,12.980
606,06/05/17 07:15:00 PM,12.883
607,06/05/17 07:30:00 PM,12.690
608,06/05/17 07:45:00 PM,12.594
609,06/05/17 08:00:00 PM,12.497
610,06/05/17 08:15:00 PM,12.497
611,06/05/17 08:30:00 PM,12.401
612,06/05/17 08:45:00 PM,12.207
613,06/05/17 09:00:00 PM,12.110
614,06/05/17 09:15:00 PM,11.819
615,06/05/17 09:30:00 PM,11.722
616,06/05/17 09:45:00 PM,11.722
617,06/05/17 10:00:00 PM,11.722
618,06/05/17 10:15:00 PM,11.625
619,06/05/17 10:30:00 PM,11.625
620,06/05/17 10:45:00 PM,11.431
621,06/05/17 11:00:00 PM,11.431
622,06/05/17 11:15:00 PM,11.431
623,06/05/17 11:30:00 PM,11.334
624,06/05/17 11:45:00 PM,11.334
625,06/06/17 12:00:00 AM,11.334
626,06/06/17 12:15:00 AM,11.334
627,06/06/17 12:30:00 AM,11.334
628,06/06/17 12:45:00 AM,11.334
629,06/06/17 01:00:00 AM,11.334
630,06/06/17 01:15:00 AM,11.334
631,06/06/17 01:30:00 AM,11.334
632,06/06/17 01:45:00 AM,11.236
633,06/06/17 02:00:00 AM,11.139
634,06/06/17 02:15:00 AM,11.041
635,06/06/17 02:30:00 AM,11.041
636,06/06/17 02:45:00 AM,10.944
637,06/06/17 03:00:00 AM,10.944
638,06/06/17 03:15:00 AM,10.748
639,06/06/17 03:30:00 AM,10.748
640,06/06/17 03:45:00 AM,10.748
641,06/06/17 04:00:00 AM,10.651
642,06/06/17 04:15:00 AM,10.553
643,06/06/17 04:30:00 AM,10.553
644,06/06/17 04:45:00 AM,10.455
645,06/06/17 05:00:00 AM,10.357
646,06/06/17 05:15:00 AM,10.357
647,06/06/17 05:30:00 AM,10.259
648,06/06/17 05:45:00 AM,10.161
649,06/06/17 06:00:00 AM,10.063
650,06/06/17 06:15:00 AM,9.965
651,06/06/17 06:30:00 AM,9.866
652,06/06/17 06:45:00 AM,9.866
653,06/06/17 07:00:00 AM,9.866
654,06/06/17 07:15:00 AM,9.866
655,06/06/17 07:30:00 AM,9.866
656,06/06/17 07:45:00 AM,9.768
657,06/06/17 08:00:00 AM,9.768
658,06/06/17 08:15:00 AM,9.768
659,06/06/17 08:30:00 AM,9.866
660,06/06/17 08:45:00 AM,9.866
661,06/06/17 09:00:00 AM,9.866
662,06/06/17 09:15:00 AM,9.768
663,06/06/17 09:30:00 AM,9.669
664,06/06/17 09:45:00 AM,9.571
665,06/06/17 10:00:00 AM,9.669
666,06/06/17 10:15:00 AM,9.768
667,06/06/17 10:30:00 AM,9.768
668,06/06/17 10:45:00 AM,9.768
669,06/06/17 11:00:00 AM,9.571
670,06/06/17 11:15:00 AM,9.768
671,06/06/17 11:30:00 AM,9.866
672,06/06/17 11:45:00 AM,10.259
673,06/06/17 12:00:00 PM,10.553
674,06/06/17 12:15:00 PM,9.965
675,06/06/17 12:30:00 PM,10.455
676,06/06/17 12:45:00 PM,9.965
677,06/06/17 01:00:00 PM,10.063
678,06/06/17 01:15:00 PM,10.063
679,06/06/17 01:30:00 PM,10.063
680,06/06/17 01:45:00 PM,9.866
681,06/06/17 02:00:00 PM,9.866
682,06/06/17 02:15:00 PM,9.768
683,06/06/17 02:30:00 PM,9.571
684,06/06/17 02:45:00 PM,9.472
685,06/06/17 03:00:00 PM,9.275
686,06/06/17 03:15:00 PM,9.275
687,06/06/17 03:30:00 PM,8.978
688,06/06/17 03:45:00 PM,9.077
689,06/06/17 04:00:00 PM,8.978
690,06/06/17 04:15:00 PM,8.779
691,06/06/17 04:30:00 PM,8.779
692,06/06/17 04:45:00 PM,8.680
693,06/06/17 05:00:00 PM,8.978
694,06/06/17 05:15:00 PM,8.978
695,06/06/17 05:30:00 PM,8.879
696,06/06/17 05:45:00 PM,8.680
697,06/06/17 06:00:00 PM,8.680
698,06/06/17 06:15:00 PM,8.779
699,06/06/17 06:30:00 PM,8.978
700,06/06/17 06:45:00 PM,9.077
701,06/06/17 07:00:00 PM,9.077
702,06/06/17 07:15:00 PM,8.879
703,06/06/17 07:30:00 PM,8.978
704,06/06/17 07:45:00 PM,8.779
705,06/06/17 08:00:00 PM,8.779
706,06/06/17 08:15:00 PM,8.680
707,06/06/17 08:30:00 PM,8.680
708,06/06/17 08:45:00 PM,8.581
709,06/06/17 09:00:00 PM,8.581
710,06/06/17 09:15:00 PM,8.581
711,06/06/17 09:30:00 PM,8.581
712,06/06/17 09:45:00 PM,8.581
713,06/06/17 10:00:00 PM,8.581
714,06/06/17 10:15:00 PM,8.680
715,06/06/17 10:30:00 PM,8.779
716,06/06/17 10:45:00 PM,8.779
717,06/06/17 11:00:00 PM,8.779
718,06/06/17 11:15:00 PM,8.779
719,06/06/17 11:30:00 PM,8.779
720,06/06/17 11:45:00 PM,8.779
721,06/07/17 12:00:00 AM,8.879
722,06/07/17 12:15:00 AM,8.879
723,06/07/17 12:30:00 AM,8.879
724,06/07/17 12:45:00 AM,8.978
725,06/07/17 01:00:00 AM,8.978
726,06/07/17 01:15:00 AM,9.077
727,06/07/17 01:30:00 AM,9.077
728,06/07/17 01:45:00 AM,9.077
729,06/07/17 02:00:00 AM,9.077
730,06/07/17 02:15:00 AM,9.077
731,06/07/17 02:30:00 AM,9.176
732,06/07/17 02:45:00 AM,9.077
733,06/07/17 03:00:00 AM,9.077
734,06/07/17 03:15:00 AM,8.978
735,06/07/17 03:30:00 AM,8.978
736,06/07/17 03:45:00 AM,8.978
737,06/07/17 04:00:00 AM,8.978
738,06/07/17 04:15:00 AM,8.879
739,06/07/17 04:30:00 AM,8.879
740,06/07/17 04:45:00 AM,8.779
741,06/07/17 05:00:00 AM,8.779
742,06/07/17 05:15:00 AM,8.779
743,06/07/17 05:30:00 AM,8.779
744,06/07/17 05:45:00 AM,8.978
745,06/07/17 06:00:00 AM,9.077
746,06/07/17 06:15:00 AM,9.275
747,06/07/17 06:30:00 AM,9.571
748,06/07/17 06:45:00 AM,9.965
749,06/07/17 07:00:00 AM,10.455
750,06/07/17 07:15:00 AM,10.944
751,06/07/17 07:30:00 AM,11.139
752,06/07/17 07:45:00 AM,11.236
753,06/07/17 08:00:00 AM,11.236
754,06/07/17 08:15:00 AM,11.334
755,06/07/17 08:30:00 AM,11.625
756,06/07/17 08:45:00 AM,11.916
757,06/07/17 09:00:00 AM,12.497
758,06/07/17 09:15:00 AM,12.787
759,06/07/17 09:30:00 AM,13.076
760,06/07/17 09:45:00 AM,13.173
761,06/07/17 10:00:00 AM,13.846
762,06/07/17 10:15:00 AM,14.804
763,06/07/17 10:30:00 AM,15.473
764,06/07/17 10:45:00 AM,16.046
765,06/07/17 11:00:00 AM,16.618
766,06/07/17 11:15:00 AM,17.570
767,06/07/17 11:30:00 AM,18.711
768,06/07/17 11:45:00 AM,18.236
769,06/07/17 12:00:00 PM,18.521
770,06/07/17 12:15:00 PM,17.760
771,06/07/17 12:30:00 PM,18.806
772,06/07/17 12:45:00 PM,18.711
773,06/07/17 01:00:00 PM,19.187
774,06/07/17 01:15:00 PM,19.187
775,06/07/17 01:30:00 PM,19.948
776,06/07/17 01:45:00 PM,19.282
777,06/07/17 02:00:00 PM,19.567
778,06/07/17 02:15:00 PM,19.948
779,06/07/17 02:30:00 PM,20.424
780,06/07/17 02:45:00 PM,20.901
781,06/07/17 03:00:00 PM,20.996
782,06/07/17 03:15:00 PM,20.805
783,06/07/17 03:30:00 PM,21.091
784,06/07/17 03:45:00 PM,21.091
785,06/07/17 04:00:00 PM,20.710
786,06/07/17 04:15:00 PM,20.519
787,06/07/17 04:30:00 PM,20.043
788,06/07/17 04:45:00 PM,19.853
789,06/07/17 05:00:00 PM,19.567
790,06/07/17 05:15:00 PM,19.567
791,06/07/17 05:30:00 PM,19.472
792,06/07/17 05:45:00 PM,18.616
793,06/07/17 06:00:00 PM,18.711
794,06/07/17 06:15:00 PM,18.711
795,06/07/17 06:30:00 PM,17.950
796,06/07/17 06:45:00 PM,17.665
797,06/07/17 07:00:00 PM,17.379
798,06/07/17 07:15:00 PM,16.713
799,06/07/17 07:30:00 PM,16.046
800,06/07/17 07:45:00 PM,15.378
801,06/07/17 08:00:00 PM,14.709
802,06/07/17 08:15:00 PM,14.134
803,06/07/17 08:30:00 PM,13.365
804,06/07/17 08:45:00 PM,13.076
805,06/07/17 09:00:00 PM,12.497
806,06/07/17 09:15:00 PM,11.916
807,06/07/17 09:30:00 PM,11.528
808,06/07/17 09:45:00 PM,11.334
809,06/07/17 10:00:00 PM,11.041
810,06/07/17 10:15:00 PM,10.748
811,06/07/17 10:30:00 PM,10.455
812,06/07/17 10:45:00 PM,10.161
813,06/07/17 11:00:00 PM,9.768
814,06/07/17 11:15:00 PM,9.768
815,06/07/17 11:30:00 PM,9.472
816,06/07/17 11:45:00 PM,9.275
817,06/08/17 12:00:00 AM,8.879
818,06/08/17 12:15:00 AM,8.680
819,06/08/17 12:30:00 AM,8.581
820,06/08/17 12:45:00 AM,8.382
821,06/08/17 01:00:00 AM,8.082
822,06/08/17 01:15:00 AM,7.882
823,06/08/17 01:30:00 AM,7.582
824,06/08/17 01:45:00 AM,7.682
825,06/08/17 02:00:00 AM,7.280
826,06/08/17 02:15:00 AM,7.179
827,06/08/17 02:30:00 AM,7.079
828,06/08/17 02:45:00 AM,6.877
829,06/08/17 03:00:00 AM,6.775
830,06/08/17 03:15:00 AM,6.471
831,06/08/17 03:30:00 AM,6.370
832,06/08/17 03:45:00 AM,6.166
833,06/08/17 04:00:00 AM,6.064
834,06/08/17 04:15:00 AM,5.860
835,06/08/17 04:30:00 AM,5.860
836,06/08/17 04:45:00 AM,5.757
837,06/08/17 05:00:00 AM,5.655
838,06/08/17 05:15:00 AM,5.347
839,06/08/17 05:30:00 AM,5.347
840,06/08/17 05:45:00 AM,5.347
841,06/08/17 06:00:00 AM,5.860
842,06/08/17 06:15:00 AM,6.573
843,06/08/17 06:30:00 AM,7.079
844,06/08/17 06:45:00 AM,8.182
845,06/08/17 07:00:00 AM,8.879
846,06/08/17 07:15:00 AM,10.063
847,06/08/17 07:30:00 AM,12.110
848,06/08/17 07:45:00 AM,13.750
849,06/08/17 08:00:00 AM,13.269
850,06/08/17 08:15:00 AM,13.654
851,06/08/17 08:30:00 AM,14.804
852,06/08/17 08:45:00 AM,15.473
853,06/08/17 09:00:00 AM,16.427
854,06/08/17 09:15:00 AM,17.379
855,06/08/17 09:30:00 AM,18.331
856,06/08/17 09:45:00 AM,18.616
857,06/08/17 10:00:00 AM,19.377
858,06/08/17 10:15:00 AM,19.187
859,06/08/17 10:30:00 AM,19.758
860,06/08/17 10:45:00 AM,20.615
861,06/08/17 11:00:00 AM,20.901
862,06/08/17 11:15:00 AM,21.951
863,06/08/17 11:30:00 AM,24.158
864,06/08/17 11:45:00 AM,24.835
865,06/08/17 12:00:00 PM,24.158
866,06/08/17 12:15:00 PM,24.062
867,06/08/17 12:30:00 PM,24.158
868,06/08/17 12:45:00 PM,23.773
869,06/08/17 01:00:00 PM,23.966
870,06/08/17 01:15:00 PM,23.677
871,06/08/17 01:30:00 PM,23.388
872,06/08/17 01:45:00 PM,23.388
873,06/08/17 02:00:00 PM,23.004
874,06/08/17 02:15:00 PM,23.484
875,06/08/17 02:30:00 PM,23.581
876,06/08/17 02:45:00 PM,22.908
877,06/08/17 03:00:00 PM,22.238
878,06/08/17 03:15:00 PM,21.664
879,06/08/17 03:30:00 PM,21.378
880,06/08/17 03:45:00 PM,20.615
881,06/08/17 04:00:00 PM,19.948
882,06/08/17 04:15:00 PM,19.472
883,06/08/17 04:30:00 PM,19.092
884,06/08/17 04:45:00 PM,18.901
885,06/08/17 05:00:00 PM,18.426
886,06/08/17 05:15:00 PM,18.236
887,06/08/17 05:30:00 PM,18.045
888,06/08/17 05:45:00 PM,17.760
889,06/08/17 06:00:00 PM,17.475
890,06/08/17 06:15:00 PM,17.189
891,06/08/17 06:30:00 PM,16.713
892,06/08/17 06:45:00 PM,16.332
893,06/08/17 07:00:00 PM,15.951
894,06/08/17 07:15:00 PM,15.664
895,06/08/17 07:30:00 PM,15.282
896,06/08/17 07:45:00 PM,14.804
897,06/08/17 08:00:00 PM,14.421
898,06/08/17 08:15:00 PM,14.134
899,06/08/17 08:30:00 PM,13.558
900,06/08/17 08:45:00 PM,13.269
901,06/08/17 09:00:00 PM,12.787
902,06/08/17 09:15:00 PM,12.497
903,06/08/17 09:30:00 PM,12.304
904,06/08/17 09:45:00 PM,12.013
905,06/08/17 10:00:00 PM,11.819
906,06/08/17 10:15:00 PM,11.431
907,06/08/17 10:30:00 PM,11.528
908,06/08/17 10:45:00 PM,11.139
909,06/08/17 11:00:00 PM,10.846
910,06/08/17 11:15:00 PM,10.455
911,06/08/17 11:30:00 PM,10.259
912,06/08/17 11:45:00 PM,10.161
913,06/09/17 12:00:00 AM,10.161
914,06/09/17 12:15:00 AM,10.259
915,06/09/17 12:30:00 AM,10.161
916,06/09/17 12:45:00 AM,10.161
917,06/09/17 01:00:00 AM,10.161
918,06/09/17 01:15:00 AM,10.259
919,06/09/17 01:30:00 AM,10.259
920,06/09/17 01:45:00 AM,10.259
921,06/09/17 02:00:00 AM,10.357
922,06/09/17 02:15:00 AM,10.259
923,06/09/17 02:30:00 AM,10.259
924,06/09/17 02:45:00 AM,10.161
925,06/09/17 03:00:00 AM,10.161
926,06/09/17 03:15:00 AM,10.259
927,06/09/17 03:30:00 AM,10.259
928,06/09/17 03:45:00 AM,10.161
929,06/09/17 04:00:00 AM,10.259
930,06/09/17 04:15:00 AM,10.357
931,06/09/17 04:30:00 AM,10.455
932,06/09/17 04:45:00 AM,10.553
933,06/09/17 05:00:00 AM,10.455
934,06/09/17 05:15:00 AM,10.259
935,06/09/17 05:30:00 AM,9.965
936,06/09/17 05:45:00 AM,9.866
937,06/09/17 06:00:00 AM,10.161
938,06/09/17 06:15:00 AM,10.553
939,06/09/17 06:30:00 AM,11.139
940,06/09/17 06:45:00 AM,11.722
941,06/09/17 07:00:00 AM,12.304
942,06/09/17 07:15:00 AM,13.076
943,06/09/17 07:30:00 AM,14.996
944,06/09/17 07:45:00 AM,16.808
945,06/09/17 08:00:00 AM,15.951
946,06/09/17 08:15:00 AM,16.141
947,06/09/17 08:30:00 AM,16.618
948,06/09/17 08:45:00 AM,16.999
949,06/09/17 09:00:00 AM,17.855
950,06/09/17 09:15:00 AM,19.092
951,06/09/17 09:30:00 AM,18.806
952,06/09/17 09:45:00 AM,19.187
953,06/09/17 10:00:00 AM,18.521
954,06/09/17 10:15:00 AM,18.616
955,06/09/17 10:30:00 AM,19.282
956,06/09/17 10:45:00 AM,19.377
957,06/09/17 11:00:00 AM,19.472
958,06/09/17 11:15:00 AM,19.853
959,06/09/17 11:30:00 AM,21.091
960,06/09/17 11:45:00 AM,23.484
961,06/09/17 12:00:00 PM,22.812
962,06/09/17 12:15:00 PM,23.196
963,06/09/17 12:30:00 PM,23.388
964,06/09/17 12:45:00 PM,23.677
965,06/09/17 01:00:00 PM,24.158
966,06/09/17 01:15:00 PM,24.255
967,06/09/17 01:30:00 PM,25.708
968,06/09/17 01:45:00 PM,24.835
969,06/09/17 02:00:00 PM,24.351
970,06/09/17 02:15:00 PM,24.931
971,06/09/17 02:30:00 PM,24.545
972,06/09/17 02:45:00 PM,24.835
973,06/09/17 03:00:00 PM,25.125
974,06/09/17 03:15:00 PM,25.416
975,06/09/17 03:30:00 PM,25.902
976,06/09/17 03:45:00 PM,24.448
977,06/09/17 04:00:00 PM,24.158
978,06/09/17 04:15:00 PM,24.158
979,06/09/17 04:30:00 PM,23.677
980,06/09/17 04:45:00 PM,23.484
981,06/09/17 05:00:00 PM,22.908
982,06/09/17 05:15:00 PM,22.429
983,06/09/17 05:30:00 PM,21.760
984,06/09/17 05:45:00 PM,21.473
985,06/09/17 06:00:00 PM,21.473
986,06/09/17 06:15:00 PM,21.187
987,06/09/17 06:30:00 PM,21.091
988,06/09/17 06:45:00 PM,20.805
989,06/09/17 07:00:00 PM,20.615
990,06/09/17 07:15:00 PM,20.424
991,06/09/17 07:30:00 PM,20.138
992,06/09/17 07:45:00 PM,19.948
993,06/09/17 08:00:00 PM,19.187
994,06/09/17 08:15:00 PM,18.236
995,06/09/17 08:30:00 PM,17.570
996,06/09/17 08:45:00 PM,16.713
997,06/09/17 09:00:00 PM,16.237
998,06/09/17 09:15:00 PM,15.569
999,06/09/17 09:30:00 PM,15.187
1000,06/09/17 09:45:00 PM,14.900
1001,06/09/17 10:00:00 PM,14.325
1002,06/09/17 10:15:00 PM,13.846
1003,06/09/17 10:30:00 PM,13.558
1004,06/09/17 10:45:00 PM,13.173
1005,06/09/17 11:00:00 PM,13.076
1006,06/09/17 11:15:00 PM,12.787
1007,06/09/17 11:30:00 PM,12.690
1008,06/09/17 11:45:00 PM,12.013
1009,06/10/17 12:00:00 AM,11.916
1010,06/10/17 12:15:00 AM,11.819
1011,06/10/17 12:30:00 AM,11.722
1012,06/10/17 12:45:00 AM,11.334
1013,06/10/17 01:00:00 AM,11.334
1014,06/10/17 01:15:00 AM,11.041
1015,06/10/17 01:30:00 AM,11.139
1016,06/10/17 01:45:00 AM,10.748
1017,06/10/17 02:00:00 AM,10.846
1018,06/10/17 02:15:00 AM,10.553
1019,06/10/17 02:30:00 AM,10.651
1020,06/10/17 02:45:00 AM,10.161
1021,06/10/17 03:00:00 AM,10.161
1022,06/10/17 03:15:00 AM,9.965
1023,06/10/17 03:30:00 AM,9.866
1024,06/10/17 03:45:00 AM,9.571
1025,06/10/17 04:00:00 AM,9.768
1026,06/10/17 04:15:00 AM,9.571
1027,06/10/17 04:30:00 AM,9.275
1028,06/10/17 04:45:00 AM,9.275
1029,06/10/17 05:00:00 AM,9.176
1030,06/10/17 05:15:00 AM,9.176
1031,06/10/17 05:30:00 AM,8.978
1032,06/10/17 05:45:00 AM,9.176
1033,06/10/17 06:00:00 AM,9.571
1034,06/10/17 06:15:00 AM,10.259
1035,06/10/17 06:30:00 AM,10.944
1036,06/10/17 06:45:00 AM,11.819
1037,06/10/17 07:00:00 AM,12.594
1038,06/10/17 07:15:00 AM,13.846
1039,06/10/17 07:30:00 AM,15.187
1040,06/10/17 07:45:00 AM,16.427
1041,06/10/17 08:00:00 AM,16.618
1042,06/10/17 08:15:00 AM,17.284
1043,06/10/17 08:30:00 AM,18.236
1044,06/10/17 08:45:00 AM,19.282
1045,06/10/17 09:00:00 AM,20.424
1046,06/10/17 09:15:00 AM,21.664
1047,06/10/17 09:30:00 AM,23.004
1048,06/10/17 09:45:00 AM,23.196
1049,06/10/17 10:00:00 AM,24.158
1050,06/10/17 10:15:00 AM,25.125
1051,06/10/17 10:30:00 AM,26.585
1052,06/10/17 10:45:00 AM,26.292
1053,06/10/17 11:00:00 AM,26.390
1054,06/10/17 11:15:00 AM,27.173
1055,06/10/17 11:30:00 AM,27.567
1056,06/10/17 11:45:00 AM,28.456
1057,06/10/17 12:00:00 PM,28.060
1058,06/10/17 12:15:00 PM,27.764
1059,06/10/17 12:30:00 PM,28.258
1060,06/10/17 12:45:00 PM,27.272
1061,06/10/17 01:00:00 PM,27.272
1062,06/10/17 01:15:00 PM,29.152
1063,06/10/17 01:30:00 PM,28.060
1064,06/10/17 01:45:00 PM,26.781
1065,06/10/17 02:00:00 PM,26.488
1066,06/10/17 02:15:00 PM,26.879
1067,06/10/17 02:30:00 PM,27.764
1068,06/10/17 02:45:00 PM,27.370
1069,06/10/17 03:00:00 PM,27.173
1070,06/10/17 03:15:00 PM,26.585
1071,06/10/17 03:30:00 PM,27.173
1072,06/10/17 03:45:00 PM,26.390
1073,06/10/17 04:00:00 PM,26.781
1074,06/10/17 04:15:00 PM,27.173
1075,06/10/17 04:30:00 PM,27.173
1076,06/10/17 04:45:00 PM,26.977
1077,06/10/17 05:00:00 PM,26.585
1078,06/10/17 05:15:00 PM,25.610
1079,06/10/17 05:30:00 PM,25.319
1080,06/10/17 05:45:00 PM,24.835
1081,06/10/17 06:00:00 PM,24.738
1082,06/10/17 06:15:00 PM,24.835
1083,06/10/17 06:30:00 PM,24.835
1084,06/10/17 06:45:00 PM,24.545
1085,06/10/17 07:00:00 PM,23.966
1086,06/10/17 07:15:00 PM,23.292
1087,06/10/17 07:30:00 PM,22.812
1088,06/10/17 07:45:00 PM,22.238
1089,06/10/17 08:00:00 PM,21.760
1090,06/10/17 08:15:00 PM,21.282
1091,06/10/17 08:30:00 PM,20.901
1092,06/10/17 08:45:00 PM,20.043
1093,06/10/17 09:00:00 PM,19.187
1094,06/10/17 09:15:00 PM,18.711
1095,06/10/17 09:30:00 PM,18.236
1096,06/10/17 09:45:00 PM,17.760
1097,06/10/17 10:00:00 PM,17.475
1098,06/10/17 10:15:00 PM,17.094
1099,06/10/17 10:30:00 PM,16.808
1100,06/10/17 10:45:00 PM,16.523
1101,06/10/17 11:00:00 PM,16.237
1102,06/10/17 11:15:00 PM,15.951
1103,06/10/17 11:30:00 PM,15.760
1104,06/10/17 11:45:00 PM,15.664
1105,06/11/17 12:00:00 AM,15.378
1106,06/11/17 12:15:00 AM,15.187
1107,06/11/17 12:30:00 AM,14.996
1108,06/11/17 12:45:00 AM,14.804
1109,06/11/17 01:00:00 AM,14.613
1110,06/11/17 01:15:00 AM,14.517
1111,06/11/17 01:30:00 AM,14.230
1112,06/11/17 01:45:00 AM,14.134
1113,06/11/17 02:00:00 AM,13.942
1114,06/11/17 02:15:00 AM,13.846
1115,06/11/17 02:30:00 AM,13.654
1116,06/11/17 02:45:00 AM,13.558
1117,06/11/17 03:00:00 AM,13.269
1118,06/11/17 03:15:00 AM,13.269
1119,06/11/17 03:30:00 AM,13.173
1120,06/11/17 03:45:00 AM,13.076
1121,06/11/17 04:00:00 AM,12.980
1122,06/11/17 04:15:00 AM,12.787
1123,06/11/17 04:30:00 AM,12.690
1124,06/11/17 04:45:00 AM,12.594
1125,06/11/17 05:00:00 AM,12.594
1126,06/11/17 05:15:00 AM,12.497
1127,06/11/17 05:30:00 AM,12.401
1128,06/11/17 05:45:00 AM,12.497
1129,06/11/17 06:00:00 AM,12.883
1130,06/11/17 06:15:00 AM,13.558
1131,06/11/17 06:30:00 AM,13.942
1132,06/11/17 06:45:00 AM,14.900
1133,06/11/17 07:00:00 AM,15.473
1134,06/11/17 07:15:00 AM,16.427
1135,06/11/17 07:30:00 AM,18.236
1136,06/11/17 07:45:00 AM,19.377
1137,06/11/17 08:00:00 AM,19.567
1138,06/11/17 08:15:00 AM,20.234
1139,06/11/17 08:30:00 AM,21.473
1140,06/11/17 08:45:00 AM,23.004
1141,06/11/17 09:00:00 AM,23.581
1142,06/11/17 09:15:00 AM,23.581
1143,06/11/17 09:30:00 AM,23.773
1144,06/11/17 09:45:00 AM,24.158
1145,06/11/17 10:00:00 AM,24.641
1146,06/11/17 10:15:00 AM,25.805
1147,06/11/17 10:30:00 AM,26.097
1148,06/11/17 10:45:00 AM,26.879
1149,06/11/17 11:00:00 AM,27.272
1150,06/11/17 11:15:00 AM,27.075
1151,06/11/17 11:30:00 AM,26.879
1152,06/11/17 11:45:00 AM,27.862
1153,06/11/17 12:00:00 PM,27.665
1154,06/11/17 12:15:00 PM,27.468
1155,06/11/17 12:30:00 PM,27.468
1156,06/11/17 12:45:00 PM,28.258
1157,06/11/17 01:00:00 PM,28.159
1158,06/11/17 01:15:00 PM,29.352
1159,06/11/17 01:30:00 PM,30.862
1160,06/11/17 01:45:00 PM,31.574
1161,06/11/17 02:00:00 PM,31.370
1162,06/11/17 02:15:00 PM,31.778
1163,06/11/17 02:30:00 PM,31.166
1164,06/11/17 02:45:00 PM,31.268
1165,06/11/17 03:00:00 PM,31.268
1166,06/11/17 03:15:00 PM,30.760
1167,06/11/17 03:30:00 PM,30.963
1168,06/11/17 03:45:00 PM,30.659
1169,06/11/17 04:00:00 PM,30.356
1170,06/11/17 04:15:00 PM,29.953
1171,06/11/17 04:30:00 PM,29.853
1172,06/11/17 04:45:00 PM,29.452
1173,06/11/17 05:00:00 PM,29.053
1174,06/11/17 05:15:00 PM,28.555
1175,06/11/17 05:30:00 PM,28.258
1176,06/11/17 05:45:00 PM,27.961
1177,06/11/17 06:00:00 PM,27.961
1178,06/11/17 06:15:00 PM,27.567
1179,06/11/17 06:30:00 PM,27.370
1180,06/11/17 06:45:00 PM,27.173
1181,06/11/17 07:00:00 PM,26.781
1182,06/11/17 07:15:00 PM,26.585
1183,06/11/17 07:30:00 PM,25.805
1184,06/11/17 07:45:00 PM,25.125
1185,06/11/17 08:00:00 PM,24.545
1186,06/11/17 08:15:00 PM,24.158
1187,06/11/17 08:30:00 PM,23.677
1188,06/11/17 08:45:00 PM,23.388
1189,06/11/17 09:00:00 PM,22.525
1190,06/11/17 09:15:00 PM,22.046
1191,06/11/17 09:30:00 PM,21.282
1192,06/11/17 09:45:00 PM,20.901
1193,06/11/17 10:00:00 PM,20.329
1194,06/11/17 10:15:00 PM,19.948
1195,06/11/17 10:30:00 PM,19.758
1196,06/11/17 10:45:00 PM,19.377
1197,06/11/17 11:00:00 PM,19.092
1198,06/11/17 11:15:00 PM,19.187
1199,06/11/17 11:30:00 PM,18.901
1200,06/11/17 11:45:00 PM,18.521
1201,06/12/17 12:00:00 AM,18.236
1202,06/12/17 12:15:00 AM,17.855
1203,06/12/17 12:30:00 AM,17.855
1204,06/12/17 12:45:00 AM,17.665
1205,06/12/17 01:00:00 AM,17.475
1206,06/12/17 01:15:00 AM,17.379
1207,06/12/17 01:30:00 AM,17.189
1208,06/12/17 01:45:00 AM,16.999
1209,06/12/17 02:00:00 AM,16.903
1210,06/12/17 02:15:00 AM,16.618
1211,06/12/17 02:30:00 AM,16.713
1212,06/12/17 02:45:00 AM,16.427
1213,06/12/17 03:00:00 AM,16.237
1214,06/12/17 03:15:00 AM,16.141
1215,06/12/17 03:30:00 AM,16.046
1216,06/12/17 03:45:00 AM,15.951
1217,06/12/17 04:00:00 AM,15.855
1218,06/12/17 04:15:00 AM,15.664
1219,06/12/17 04:30:00 AM,15.569
1220,06/12/17 04:45:00 AM,15.378
1221,06/12/17 05:00:00 AM,15.378
1222,06/12/17 05:15:00 AM,15.187
1223,06/12/17 05:30:00 AM,15.091
1224,06/12/17 05:45:00 AM,15.187
1225,06/12/17 06:00:00 AM,15.378
1226,06/12/17 06:15:00 AM,16.141
1227,06/12/17 06:30:00 AM,16.523
1228,06/12/17 06:45:00 AM,17.284
1229,06/12/17 07:00:00 AM,18.045
1230,06/12/17 07:15:00 AM,19.092
1231,06/12/17 07:30:00 AM,20.710
1232,06/12/17 07:45:00 AM,21.664
1233,06/12/17 08:00:00 AM,21.855
1234,06/12/17 08:15:00 AM,22.429
1235,06/12/17 08:30:00 AM,23.292
1236,06/12/17 08:45:00 AM,24.351
1237,06/12/17 09:00:00 AM,25.513
1238,06/12/17 09:15:00 AM,26.390
1239,06/12/17 09:30:00 AM,27.173
1240,06/12/17 09:45:00 AM,27.764
1241,06/12/17 10:00:00 AM,28.754
1242,06/12/17 10:15:00 AM,29.053
1243,06/12/17 10:30:00 AM,30.760
1244,06/12/17 10:45:00 AM,30.356
1245,06/12/17 11:00:00 AM,30.862
1246,06/12/17 11:15:00 AM,31.370
1247,06/12/17 11:30:00 AM,33.326
1248,06/12/17 11:45:00 AM,33.639
1249,06/12/17 12:00:00 PM,32.291
1250,06/12/17 12:15:00 PM,32.291
1251,06/12/17 12:30:00 PM,33.014
1252,06/12/17 12:45:00 PM,32.704
1253,06/12/17 01:00:00 PM,32.807
1254,06/12/17 01:15:00 PM,32.704
1255,06/12/17 01:30:00 PM,33.953
1256,06/12/17 01:45:00 PM,33.639
1257,06/12/17 02:00:00 PM,33.326
1258,06/12/17 02:15:00 PM,33.535
1259,06/12/17 02:30:00 PM,32.911
1260,06/12/17 02:45:00 PM,32.807
1261,06/12/17 03:00:00 PM,32.911
1262,06/12/17 03:15:00 PM,32.600
1263,06/12/17 03:30:00 PM,32.704
1264,06/12/17 03:45:00 PM,32.394
1265,06/12/17 04:00:00 PM,31.574
1266,06/12/17 04:15:00 PM,30.760
1267,06/12/17 04:30:00 PM,30.558
1268,06/12/17 04:45:00 PM,30.054
1269,06/12/17 05:00:00 PM,29.652
1270,06/12/17 05:15:00 PM,29.652
1271,06/12/17 05:30:00 PM,29.152
1272,06/12/17 05:45:00 PM,28.853
1273,06/12/17 06:00:00 PM,28.555
1274,06/12/17 06:15:00 PM,28.159
1275,06/12/17 06:30:00 PM,27.665
1276,06/12/17 06:45:00 PM,27.272
1277,06/12/17 07:00:00 PM,26.977
1278,06/12/17 07:15:00 PM,26.585
1279,06/12/17 07:30:00 PM,26.000
1280,06/12/17 07:45:00 PM,25.222
1281,06/12/17 08:00:00 PM,24.545
1282,06/12/17 08:15:00 PM,23.966
1283,06/12/17 08:30:00 PM,23.292
1284,06/12/17 08:45:00 PM,22.621
1285,06/12/17 09:00:00 PM,22.238
1286,06/12/17 09:15:00 PM,21.760
1287,06/12/17 09:30:00 PM,21.473
1288,06/12/17 09:45:00 PM,21.282
1289,06/12/17 10:00:00 PM,20.901
1290,06/12/17 10:15:00 PM,20.710
1291,06/12/17 10:30:00 PM,20.424
1292,06/12/17 10:45:00 PM,20.138
1293,06/12/17 11:00:00 PM,20.138
1294,06/12/17 11:15:00 PM,19.758
1295,06/12/17 11:30:00 PM,19.472
1296,06/12/17 11:45:00 PM,19.282
1297,06/13/17 12:00:00 AM,19.187
1298,06/13/17 12:15:00 AM,19.187
1299,06/13/17 12:30:00 AM,19.377
1300,06/13/17 12:45:00 AM,19.472
1301,06/13/17 01:00:00 AM,18.711
1302,06/13/17 01:15:00 AM,18.521
1303,06/13/17 01:30:00 AM,18.331
1304,06/13/17 01:45:00 AM,18.331
1305,06/13/17 02:00:00 AM,17.950
1306,06/13/17 02:15:00 AM,17.760
1307,06/13/17 02:30:00 AM,17.665
1308,06/13/17 02:45:00 AM,17.570
1309,06/13/17 03:00:00 AM,17.284
1310,06/13/17 03:15:00 AM,17.284
1311,06/13/17 03:30:00 AM,17.094
1312,06/13/17 03:45:00 AM,16.999
1313,06/13/17 04:00:00 AM,16.808
1314,06/13/17 04:15:00 AM,16.618
1315,06/13/17 04:30:00 AM,16.427
1316,06/13/17 04:45:00 AM,16.237
1317,06/13/17 05:00:00 AM,16.141
1318,06/13/17 05:15:00 AM,16.046
1319,06/13/17 05:30:00 AM,16.046
1320,06/13/17 05:45:00 AM,15.951
1321,06/13/17 06:00:00 AM,16.332
1322,06/13/17 06:15:00 AM,16.903
1323,06/13/17 06:30:00 AM,17.475
1324,06/13/17 06:45:00 AM,18.236
1325,06/13/17 07:00:00 AM,18.806
1326,06/13/17 07:15:00 AM,19.758
1327,06/13/17 07:30:00 AM,21.187
1328,06/13/17 07:45:00 AM,22.046
1329,06/13/17 08:00:00 AM,22.429
1330,06/13/17 08:15:00 AM,23.100
1331,06/13/17 08:30:00 AM,24.062
1332,06/13/17 08:45:00 AM,25.028
1333,06/13/17 09:00:00 AM,25.902
1334,06/13/17 09:15:00 AM,26.585
1335,06/13/17 09:30:00 AM,27.567
1336,06/13/17 09:45:00 AM,28.159
1337,06/13/17 10:00:00 AM,29.152
1338,06/13/17 10:15:00 AM,29.452
1339,06/13/17 10:30:00 AM,30.457
1340,06/13/17 10:45:00 AM,30.558
1341,06/13/17 11:00:00 AM,30.963
1342,06/13/17 11:15:00 AM,31.676
1343,06/13/17 11:30:00 AM,31.676
1344,06/13/17 11:45:00 AM,31.778
1345,06/13/17 12:00:00 PM,31.983
1346,06/13/17 12:15:00 PM,32.188
1347,06/13/17 12:30:00 PM,33.118
1348,06/13/17 12:45:00 PM,32.291
1349,06/13/17 01:00:00 PM,32.704
1350,06/13/17 01:15:00 PM,32.911
1351,06/13/17 01:30:00 PM,33.118
1352,06/13/17 01:45:00 PM,32.188
1353,06/13/17 02:00:00 PM,30.963
1354,06/13/17 02:15:00 PM,31.676
1355,06/13/17 02:30:00 PM,31.166
1356,06/13/17 02:45:00 PM,31.268
1357,06/13/17 03:00:00 PM,31.676
1358,06/13/17 03:15:00 PM,31.166
1359,06/13/17 03:30:00 PM,30.862
1360,06/13/17 03:45:00 PM,31.064
1361,06/13/17 04:00:00 PM,30.356
1362,06/13/17 04:15:00 PM,30.154
1363,06/13/17 04:30:00 PM,29.853
1364,06/13/17 04:45:00 PM,29.552
1365,06/13/17 05:00:00 PM,28.853
1366,06/13/17 05:15:00 PM,27.567
1367,06/13/17 05:30:00 PM,26.683
1368,06/13/17 05:45:00 PM,26.390
1369,06/13/17 06:00:00 PM,26.488
1370,06/13/17 06:15:00 PM,26.195
1371,06/13/17 06:30:00 PM,26.195
1372,06/13/17 06:45:00 PM,26.585
1373,06/13/17 07:00:00 PM,26.585
1374,06/13/17 07:15:00 PM,26.390
1375,06/13/17 07:30:00 PM,26.000
1376,06/13/17 07:45:00 PM,25.513
1377,06/13/17 08:00:00 PM,24.835
1378,06/13/17 08:15:00 PM,24.351
1379,06/13/17 08:30:00 PM,23.869
1380,06/13/17 08:45:00 PM,23.581
1381,06/13/17 09:00:00 PM,23.388
1382,06/13/17 09:15:00 PM,23.196
1383,06/13/17 09:30:00 PM,23.100
1384,06/13/17 09:45:00 PM,22.812
1385,06/13/17 10:00:00 PM,22.717
1386,06/13/17 10:15:00 PM,22.525
1387,06/13/17 10:30:00 PM,22.333
1388,06/13/17 10:45:00 PM,22.333
1389,06/13/17 11:00:00 PM,22.142
1390,06/13/17 11:15:00 PM,22.046
1391,06/13/17 11:30:00 PM,21.760
1392,06/13/17 11:45:00 PM,21.569
1393,06/14/17 12:00:00 AM,21.664
1394,06/14/17 12:15:00 AM,21.569
1395,06/14/17 12:30:00 AM,21.282
1396,06/14/17 12:45:00 AM,21.378
1397,06/14/17 01:00:00 AM,21.187
1398,06/14/17 01:15:00 AM,21.473
1399,06/14/17 01:30:00 AM,21.378
1400,06/14/17 01:45:00 AM,21.282
1401,06/14/17 02:00:00 AM,20.996
1402,06/14/17 02:15:00 AM,20.710
1403,06/14/17 02:30:00 AM,20.234
1404,06/14/17 02:45:00 AM,19.948
1405,06/14/17 03:00:00 AM,19.948
1406,06/14/17 03:15:00 AM,20.043
1407,06/14/17 03:30:00 AM,19.853
1408,06/14/17 03:45:00 AM,19.758
1409,06/14/17 04:00:00 AM,19.567
1410,06/14/17 04:15:00 AM,19.472
1411,06/14/17 04:30:00 AM,18.806
1412,06/14/17 04:45:00 AM,18.711
1413,06/14/17 05:00:00 AM,18.045
1414,06/14/17 05:15:00 AM,17.570
1415,06/14/17 05:30:00 AM,17.284
1416,06/14/17 05:45:00 AM,17.189
1417,06/14/17 06:00:00 AM,17.094
1418,06/14/17 06:15:00 AM,17.284
1419,06/14/17 06:30:00 AM,17.665
1420,06/14/17 06:45:00 AM,18.045
1421,06/14/17 07:00:00 AM,18.806
1422,06/14/17 07:15:00 AM,19.092
1423,06/14/17 07:30:00 AM,20.234
1424,06/14/17 07:45:00 AM,20.901
1425,06/14/17 08:00:00 AM,20.901
1426,06/14/17 08:15:00 AM,21.282
1427,06/14/17 08:30:00 AM,21.760
1428,06/14/17 08:45:00 AM,22.142
1429,06/14/17 09:00:00 AM,22.717
1430,06/14/17 09:15:00 AM,23.196
1431,06/14/17 09:30:00 AM,23.869
1432,06/14/17 09:45:00 AM,24.158
1433,06/14/17 10:00:00 AM,24.835
1434,06/14/17 10:15:00 AM,24.931
1435,06/14/17 10:30:00 AM,26.488
1436,06/14/17 10:45:00 AM,25.805
1437,06/14/17 11:00:00 AM,26.000
1438,06/14/17 11:15:00 AM,26.292
1439,06/14/17 11:30:00 AM,28.456
1440,06/14/17 11:45:00 AM,29.152
1441,06/14/17 12:00:00 PM,26.977
1442,06/14/17 12:15:00 PM,27.075
1443,06/14/17 12:30:00 PM,28.060
1444,06/14/17 12:45:00 PM,26.977
1445,06/14/17 01:00:00 PM,27.272
1446,06/14/17 01:15:00 PM,27.468
1447,06/14/17 01:30:00 PM,28.754
1448,06/14/17 01:45:00 PM,28.159
1449,06/14/17 02:00:00 PM,27.961
1450,06/14/17 02:15:00 PM,28.456
1451,06/14/17 02:30:00 PM,27.961
1452,06/14/17 02:45:00 PM,27.665
1453,06/14/17 03:00:00 PM,27.764
1454,06/14/17 03:15:00 PM,27.862
1455,06/14/17 03:30:00 PM,27.665
1456,06/14/17 03:45:00 PM,28.060
1457,06/14/17 04:00:00 PM,27.173
1458,06/14/17 04:15:00 PM,26.683
1459,06/14/17 04:30:00 PM,26.488
1460,06/14/17 04:45:00 PM,25.902
1461,06/14/17 05:00:00 PM,25.513
1462,06/14/17 05:15:00 PM,25.222
1463,06/14/17 05:30:00 PM,25.028
1464,06/14/17 05:45:00 PM,24.738
1465,06/14/17 06:00:00 PM,24.448
1466,06/14/17 06:15:00 PM,24.255
1467,06/14/17 06:30:00 PM,23.966
1468,06/14/17 06:45:00 PM,23.388
1469,06/14/17 07:00:00 PM,22.621
1470,06/14/17 07:15:00 PM,21.951
1471,06/14/17 07:30:00 PM,21.091
1472,06/14/17 07:45:00 PM,20.901
1473,06/14/17 08:00:00 PM,20.615
1474,06/14/17 08:15:00 PM,19.948
1475,06/14/17 08:30:00 PM,18.901
1476,06/14/17 08:45:00 PM,18.426
1477,06/14/17 09:00:00 PM,18.045
1478,06/14/17 09:15:00 PM,17.570
1479,06/14/17 09:30:00 PM,16.903
1480,06/14/17 09:45:00 PM,16.427
1481,06/14/17 10:00:00 PM,16.141
1482,06/14/17 10:15:00 PM,15.760
1483,06/14/17 10:30:00 PM,14.900
1484,06/14/17 10:45:00 PM,14.038
1485,06/14/17 11:00:00 PM,13.654
1486,06/14/17 11:15:00 PM,13.076
1487,06/14/17 11:30:00 PM,12.594
1488,06/14/17 11:45:00 PM,12.304
1489,06/15/17 12:00:00 AM,11.916
1490,06/15/17 12:15:00 AM,11.722
1491,06/15/17 12:30:00 AM,11.236
1492,06/15/17 12:45:00 AM,11.041
1493,06/15/17 01:00:00 AM,11.041
1494,06/15/17 01:15:00 AM,10.651
1495,06/15/17 01:30:00 AM,10.357
1496,06/15/17 01:45:00 AM,10.161
1497,06/15/17 02:00:00 AM,9.965
1498,06/15/17 02:15:00 AM,9.768
1499,06/15/17 02:30:00 AM,9.571
1500,06/15/17 02:45:00 AM,9.373
1501,06/15/17 03:00:00 AM,9.275
1502,06/15/17 03:15:00 AM,9.176
1503,06/15/17 03:30:00 AM,8.978
1504,06/15/17 03:45:00 AM,8.978
1505,06/15/17 04:00:00 AM,8.879
1506,06/15/17 04:15:00 AM,8.779
1507,06/15/17 04:30:00 AM,8.680
1508,06/15/17 04:45:00 AM,8.481
1509,06/15/17 05:00:00 AM,8.481
1510,06/15/17 05:15:00 AM,8.382
1511,06/15/17 05:30:00 AM,8.282
1512,06/15/17 05:45:00 AM,8.481
1513,06/15/17 06:00:00 AM,9.176
1514,06/15/17 06:15:00 AM,10.455
1515,06/15/17 06:30:00 AM,10.944
1516,06/15/17 06:45:00 AM,11.334
1517,06/15/17 07:00:00 AM,12.594
1518,06/15/17 07:15:00 AM,13.269
1519,06/15/17 07:30:00 AM,13.558
1520,06/15/17 07:45:00 AM,14.038
1521,06/15/17 08:00:00 AM,15.282
1522,06/15/17 08:15:00 AM,16.713
1523,06/15/17 08:30:00 AM,17.284
1524,06/15/17 08:45:00 AM,17.760
1525,06/15/17 09:00:00 AM,18.140
1526,06/15/17 09:15:00 AM,18.711
1527,06/15/17 09:30:00 AM,19.948
1528,06/15/17 09:45:00 AM,20.234
1529,06/15/17 10:00:00 AM,20.424
1530,06/15/17 10:15:00 AM,20.519
1531,06/15/17 10:30:00 AM,22.717
1532,06/15/17 10:45:00 AM,21.760
1533,06/15/17 11:00:00 AM,22.238
1534,06/15/17 11:15:00 AM,22.908
1535,06/15/17 11:30:00 AM,24.255
1536,06/15/17 11:45:00 AM,24.158
1537,06/15/17 12:00:00 PM,23.484
1538,06/15/17 12:15:00 PM,23.773
1539,06/15/17 12:30:00 PM,24.351
1540,06/15/17 12:45:00 PM,24.351
1541,06/15/17 01:00:00 PM,24.255
1542,06/15/17 01:15:00 PM,23.966
1543,06/15/17 01:30:00 PM,24.255
1544,06/15/17 01:45:00 PM,23.677
1545,06/15/17 02:00:00 PM,24.158
1546,06/15/17 02:15:00 PM,24.351
1547,06/15/17 02:30:00 PM,23.966
1548,06/15/17 02:45:00 PM,23.869
1549,06/15/17 03:00:00 PM,23.869
1550,06/15/17 03:15:00 PM,23.484
1551,06/15/17 03:30:00 PM,23.966
1552,06/15/17 03:45:00 PM,23.869
1553,06/15/17 04:00:00 PM,22.908
1554,06/15/17 04:15:00 PM,22.333
1555,06/15/17 04:30:00 PM,22.429
1556,06/15/17 04:45:00 PM,22.046
1557,06/15/17 05:00:00 PM,21.569
1558,06/15/17 05:15:00 PM,21.378
1559,06/15/17 05:30:00 PM,20.996
1560,06/15/17 05:45:00 PM,20.615
1561,06/15/17 06:00:00 PM,20.329
1562,06/15/17 06:15:00 PM,19.948
1563,06/15/17 06:30:00 PM,19.948
1564,06/15/17 06:45:00 PM,19.472
1565,06/15/17 07:00:00 PM,18.711
1566,06/15/17 07:15:00 PM,18.331
1567,06/15/17 07:30:00 PM,18.045
1568,06/15/17 07:45:00 PM,17.760
1569,06/15/17 08:00:00 PM,17.475
1570,06/15/17 08:15:00 PM,17.284
1571,06/15/17 08:30:00 PM,17.189
1572,06/15/17 08:45:00 PM,16.903
1573,06/15/17 09:00:00 PM,16.713
1574,06/15/17 09:15:00 PM,16.523
1575,06/15/17 09:30:00 PM,16.332
1576,06/15/17 09:45:00 PM,16.237
1577,06/15/17 10:00:00 PM,16.046
1578,06/15/17 10:15:00 PM,15.951
1579,06/15/17 10:30:00 PM,15.760
1580,06/15/17 10:45:00 PM,15.664
1581,06/15/17 11:00:00 PM,15.569
1582,06/15/17 11:15:00 PM,15.378
1583,06/15/17 11:30:00 PM,15.282
1584,06/15/17 11:45:00 PM,15.282
1585,06/16/17 12:00:00 AM,15.187
1586,06/16/17 12:15:00 AM,15.187
1587,06/16/17 12:30:00 AM,15.187
1588,06/16/17 12:45:00 AM,15.091
1589,06/16/17 01:00:00 AM,15.091
1590,06/16/17 01:15:00 AM,15.091
1591,06/16/17 01:30:00 AM,15.091
1592,06/16/17 01:45:00 AM,15.091
1593,06/16/17 02:00:00 AM,14.996
1594,06/16/17 02:15:00 AM,14.996
1595,06/16/17 02:30:00 AM,14.996
1596,06/16/17 02:45:00 AM,14.996
1597,06/16/17 03:00:00 AM,14.996
1598,06/16/17 03:15:00 AM,14.996
1599,06/16/17 03:30:00 AM,14.996
1600,06/16/17 03:45:00 AM,14.996
1601,06/16/17 04:00:00 AM,14.996
1602,06/16/17 04:15:00 AM,14.996
1603,06/16/17 04:30:00 AM,14.996
1604,06/16/17 04:45:00 AM,14.804
1605,06/16/17 05:00:00 AM,14.900
1606,06/16/17 05:15:00 AM,14.900
1607,06/16/17 05:30:00 AM,14.804
1608,06/16/17 05:45:00 AM,14.804
1609,06/16/17 06:00:00 AM,14.804
1610,06/16/17 06:15:00 AM,14.900
1611,06/16/17 06:30:00 AM,14.996
1612,06/16/17 06:45:00 AM,15.091
1613,06/16/17 07:00:00 AM,15.378
1614,06/16/17 07:15:00 AM,15.569
1615,06/16/17 07:30:00 AM,15.760
1616,06/16/17 07:45:00 AM,17.284
1617,06/16/17 08:00:00 AM,17.570
1618,06/16/17 08:15:00 AM,17.284
1619,06/16/17 08:30:00 AM,18.521
1620,06/16/17 08:45:00 AM,18.711
1621,06/16/17 09:00:00 AM,18.426
1622,06/16/17 09:15:00 AM,19.662
1623,06/16/17 09:30:00 AM,19.567
1624,06/16/17 09:45:00 AM,20.043
1625,06/16/17 10:00:00 AM,20.234
1626,06/16/17 10:15:00 AM,20.424
1627,06/16/17 10:30:00 AM,21.091
1628,06/16/17 10:45:00 AM,21.282
1629,06/16/17 11:00:00 AM,21.951
1630,06/16/17 11:15:00 AM,21.951
1631,06/16/17 11:30:00 AM,21.664
1632,06/16/17 11:45:00 AM,21.187
1633,06/16/17 12:00:00 PM,20.710
1634,06/16/17 12:15:00 PM,20.901
1635,06/16/17 12:30:00 PM,21.282
1636,06/16/17 12:45:00 PM,21.282
1637,06/16/17 01:00:00 PM,20.805
1638,06/16/17 01:15:00 PM,21.473
1639,06/16/17 01:30:00 PM,21.473
1640,06/16/17 01:45:00 PM,20.901
1641,06/16/17 02:00:00 PM,19.092
1642,06/16/17 02:15:00 PM,17.950
1643,06/16/17 02:30:00 PM,17.094
1644,06/16/17 02:45:00 PM,16.903
1645,06/16/17 03:00:00 PM,16.523
1646,06/16/17 03:15:00 PM,16.237
1647,06/16/17 03:30:00 PM,16.237
1648,06/16/17 03:45:00 PM,16.141
1649,06/16/17 04:00:00 PM,16.046
1650,06/16/17 04:15:00 PM,16.046
1651,06/16/17 04:30:00 PM,15.951
1652,06/16/17 04:45:00 PM,15.855
1653,06/16/17 05:00:00 PM,15.855
1654,06/16/17 05:15:00 PM,15.855
1655,06/16/17 05:30:00 PM,15.855
1656,06/16/17 05:45:00 PM,15.760
1657,06/16/17 06:00:00 PM,15.760
1658,06/16/17 06:15:00 PM,15.664
1659,06/16/17 06:30:00 PM,15.569
1660,06/16/17 06:45:00 PM,15.664
1661,06/16/17 07:00:00 PM,15.569
1662,06/16/17 07:15:00 PM,15.569
1663,06/16/17 07:30:00 PM,15.569
1664,06/16/17 07:45:00 PM,15.569
1665,06/16/17 08:00:00 PM,15.569
1666,06/16/17 08:15:00 PM,15.569
1667,06/16/17 08:30:00 PM,15.569
1668,06/16/17 08:45:00 PM,15.473
1669,06/16/17 09:00:00 PM,15.569
1670,06/16/17 09:15:00 PM,15.569
1671,06/16/17 09:30:00 PM,15.569
1672,06/16/17 09:45:00 PM,15.569
1673,06/16/17 10:00:00 PM,15.569
1674,06/16/17 10:15:00 PM,15.569
1675,06/16/17 10:30:00 PM,15.664
1676,06/16/17 10:45:00 PM,15.664
1677,06/16/17 11:00:00 PM,15.664
1678,06/16/17 11:15:00 PM,15.664
1679,06/16/17 11:30:00 PM,15.664
1680,06/16/17 11:45:00 PM,15.664
1681,06/17/17 12:00:00 AM,15.664
1682,06/17/17 12:15:00 AM,15.664
1683,06/17/17 12:30:00 AM,15.760
1684,06/17/17 12:45:00 AM,15.760
1685,06/17/17 01:00:00 AM,15.760
1686,06/17/17 01:15:00 AM,15.760
1687,06/17/17 01:30:00 AM,15.760
1688,06/17/17 01:45:00 AM,15.760
1689,06/17/17 02:00:00 AM,15.855
1690,06/17/17 02:15:00 AM,15.855
1691,06/17/17 02:30:00 AM,15.855
1692,06/17/17 02:45:00 AM,15.855
1693,06/17/17 03:00:00 AM,15.951
1694,06/17/17 03:15:00 AM,15.951
1695,06/17/17 03:30:00 AM,15.951
1696,06/17/17 03:45:00 AM,15.951
1697,06/17/17 04:00:00 AM,15.951
1698,06/17/17 04:15:00 AM,16.046
1699,06/17/17 04:30:00 AM,16.046
1700,06/17/17 04:45:00 AM,16.046
1701,06/17/17 05:00:00 AM,16.141
1702,06/17/17 05:15:00 AM,16.141
1703,06/17/17 05:30:00 AM,16.141
1704,06/17/17 05:45:00 AM,16.141
1705,06/17/17 06:00:00 AM,16.141
1706,06/17/17 06:15:00 AM,16.237
1707,06/17/17 06:30:00 AM,16.332
1708,06/17/17 06:45:00 AM,16.427
1709,06/17/17 07:00:00 AM,16.523
1710,06/17/17 07:15:00 AM,16.713
1711,06/17/17 07:30:00 AM,16.903
1712,06/17/17 07:45:00 AM,17.189
1713,06/17/17 08:00:00 AM,17.379
1714,06/17/17 08:15:00 AM,17.665
1715,06/17/17 08:30:00 AM,17.760
1716,06/17/17 08:45:00 AM,17.855
1717,06/17/17 09:00:00 AM,17.855
1718,06/17/17 09:15:00 AM,18.045
1719,06/17/17 09:30:00 AM,18.236
1720,06/17/17 09:45:00 AM,18.331
1721,06/17/17 10:00:00 AM,18.711
1722,06/17/17 10:15:00 AM,19.187
1723,06/17/17 10:30:00 AM,19.282
1724,06/17/17 10:45:00 AM,19.377
1725,06/17/17 11:00:00 AM,19.567
1726,06/17/17 11:15:00 AM,19.472
1727,06/17/17 11:30:00 AM,19.472
1728,06/17/17 11:45:00 AM,19.853
1729,06/17/17 12:00:00 PM,19.758
1730,06/17/17 12:15:00 PM,19.948
1731,06/17/17 12:30:00 PM,20.138
1732,06/17/17 12:45:00 PM,20.329
1733,06/17/17 01:00:00 PM,20.519
1734,06/17/17 01:15:00 PM,20.615
1735,06/17/17 01:30:00 PM,20.805
1736,06/17/17 01:45:00 PM,20.805
1737,06/17/17 02:00:00 PM,20.901
1738,06/17/17 02:15:00 PM,20.710
1739,06/17/17 02:30:00 PM,20.710
1740,06/17/17 02:45:00 PM,20.901
1741,06/17/17 03:00:00 PM,20.805
1742,06/17/17 03:15:00 PM,20.901
1743,06/17/17 03:30:00 PM,21.091
1744,06/17/17 03:45:00 PM,21.282
1745,06/17/17 04:00:00 PM,21.282
1746,06/17/17 04:15:00 PM,21.473
1747,06/17/17 04:30:00 PM,21.951
1748,06/17/17 04:45:00 PM,21.855
1749,06/17/17 05:00:00 PM,21.760
1750,06/17/17 05:15:00 PM,21.473
1751,06/17/17 05:30:00 PM,21.473
1752,06/17/17 05:45:00 PM,21.187
1753,06/17/17 06:00:00 PM,21.282
1754,06/17/17 06:15:00 PM,21.473
1755,06/17/17 06:30:00 PM,21.378
1756,06/17/17 06:45:00 PM,21.187
1757,06/17/17 07:00:00 PM,21.091
1758,06/17/17 07:15:00 PM,20.901
1759,06/17/17 07:30:00 PM,20.710
1760,06/17/17 07:45:00 PM,20.519
1761,06/17/17 08:00:00 PM,20.424
1762,06/17/17 08:15:00 PM,20.234
1763,06/17/17 08:30:00 PM,20.138
1764,06/17/17 08:45:00 PM,20.043
1765,06/17/17 09:00:00 PM,19.948
1766,06/17/17 09:15:00 PM,19.853
1767,06/17/17 09:30:00 PM,19.758
1768,06/17/17 09:45:00 PM,19.758
1769,06/17/17 10:00:00 PM,19.662
1770,06/17/17 10:15:00 PM,19.567
1771,06/17/17 10:30:00 PM,19.472
1772,06/17/17 10:45:00 PM,19.472
1773,06/17/17 11:00:00 PM,19.472
1774,06/17/17 11:15:00 PM,19.377
1775,06/17/17 11:30:00 PM,19.377
1776,06/17/17 11:45:00 PM,19.282
1777,06/18/17 12:00:00 AM,19.187
1778,06/18/17 12:15:00 AM,19.187
1779,06/18/17 12:30:00 AM,19.282
1780,06/18/17 12:45:00 AM,19.187
1781,06/18/17 01:00:00 AM,19.092
1782,06/18/17 01:15:00 AM,19.092
1783,06/18/17 01:30:00 AM,18.996
1784,06/18/17 01:45:00 AM,18.996
1785,06/18/17 02:00:00 AM,18.901
1786,06/18/17 02:15:00 AM,18.901
1787,06/18/17 02:30:00 AM,18.901
1788,06/18/17 02:45:00 AM,18.806
1789,06/18/17 03:00:00 AM,18.806
1790,06/18/17 03:15:00 AM,18.806
1791,06/18/17 03:30:00 AM,18.711
1792,06/18/17 03:45:00 AM,18.711
1793,06/18/17 04:00:00 AM,18.616
1794,06/18/17 04:15:00 AM,18.616
1795,06/18/17 04:30:00 AM,18.616
1796,06/18/17 04:45:00 AM,18.616
1797,06/18/17 05:00:00 AM,18.616
1798,06/18/17 05:15:00 AM,18.711
1799,06/18/17 05:30:00 AM,18.616
1800,06/18/17 05:45:00 AM,18.616
1801,06/18/17 06:00:00 AM,18.711
1802,06/18/17 06:15:00 AM,18.806
1803,06/18/17 06:30:00 AM,18.806
1804,06/18/17 06:45:00 AM,18.996
1805,06/18/17 07:00:00 AM,19.092
1806,06/18/17 07:15:00 AM,19.282
1807,06/18/17 07:30:00 AM,19.377
1808,06/18/17 07:45:00 AM,19.472
1809,06/18/17 08:00:00 AM,19.853
1810,06/18/17 08:15:00 AM,19.948
1811,06/18/17 08:30:00 AM,20.138
1812,06/18/17 08:45:00 AM,20.424
1813,06/18/17 09:00:00 AM,20.615
1814,06/18/17 09:15:00 AM,20.710
1815,06/18/17 09:30:00 AM,20.710
1816,06/18/17 09:45:00 AM,20.805
1817,06/18/17 10:00:00 AM,20.996
1818,06/18/17 10:15:00 AM,21.378
1819,06/18/17 10:30:00 AM,21.855
1820,06/18/17 10:45:00 AM,21.951
1821,06/18/17 11:00:00 AM,21.951
1822,06/18/17 11:15:00 AM,22.046
1823,06/18/17 11:30:00 AM,22.142
1824,06/18/17 11:45:00 AM,22.525
1825,06/18/17 12:00:00 PM,22.717
1826,06/18/17 12:15:00 PM,22.908
1827,06/18/17 12:30:00 PM,23.581
1828,06/18/17 12:45:00 PM,24.351
1829,06/18/17 01:00:00 PM,24.545
1830,06/18/17 01:15:00 PM,24.641
1831,06/18/17 01:30:00 PM,24.931
1832,06/18/17 01:45:00 PM,25.319
1833,06/18/17 02:00:00 PM,24.835
1834,06/18/17 02:15:00 PM,24.835
1835,06/18/17 02:30:00 PM,24.545
1836,06/18/17 02:45:00 PM,24.448
1837,06/18/17 03:00:00 PM,25.028
1838,06/18/17 03:15:00 PM,25.416
1839,06/18/17 03:30:00 PM,25.125
1840,06/18/17 03:45:00 PM,26.000
1841,06/18/17 04:00:00 PM,25.610
1842,06/18/17 04:15:00 PM,25.610
1843,06/18/17 04:30:00 PM,26.097
1844,06/18/17 04:45:00 PM,26.000
1845,06/18/17 05:00:00 PM,25.805
1846,06/18/17 05:15:00 PM,25.708
1847,06/18/17 05:30:00 PM,25.513
1848,06/18/17 05:45:00 PM,24.738
1849,06/18/17 06:00:00 PM,24.545
1850,06/18/17 06:15:00 PM,24.351
1851,06/18/17 06:30:00 PM,24.351
1852,06/18/17 06:45:00 PM,24.158
1853,06/18/17 07:00:00 PM,23.966
1854,06/18/17 07:15:00 PM,23.677
1855,06/18/17 07:30:00 PM,23.388
1856,06/18/17 07:45:00 PM,23.292
1857,06/18/17 08:00:00 PM,23.004
1858,06/18/17 08:15:00 PM,22.812
1859,06/18/17 08:30:00 PM,22.717
1860,06/18/17 08:45:00 PM,22.525
1861,06/18/17 09:00:00 PM,22.333
1862,06/18/17 09:15:00 PM,22.142
1863,06/18/17 09:30:00 PM,22.142
1864,06/18/17 09:45:00 PM,22.142
1865,06/18/17 10:00:00 PM,22.046
1866,06/18/17 10:15:00 PM,21.951
1867,06/18/17 10:30:00 PM,21.951
1868,06/18/17 10:45:00 PM,21.855
1869,06/18/17 11:00:00 PM,21.760
1870,06/18/17 11:15:00 PM,21.855
1871,06/18/17 11:30:00 PM,21.855
1872,06/18/17 11:45:00 PM,21.760
1873,06/19/17 12:00:00 AM,21.760
1874,06/19/17 12:15:00 AM,21.664
1875,06/19/17 12:30:00 AM,21.569
1876,06/19/17 12:45:00 AM,21.664
1877,06/19/17 01:00:00 AM,21.569
1878,06/19/17 01:15:00 AM,21.569
1879,06/19/17 01:30:00 AM,21.569
1880,06/19/17 01:45:00 AM,21.569
1881,06/19/17 02:00:00 AM,21.473
1882,06/19/17 02:15:00 AM,21.473
1883,06/19/17 02:30:00 AM,21.473
1884,06/19/17 02:45:00 AM,21.473
1885,06/19/17 03:00:00 AM,21.473
1886,06/19/17 03:15:00 AM,21.760
1887,06/19/17 03:30:00 AM,21.951
1888,06/19/17 03:45:00 AM,21.951
1889,06/19/17 04:00:00 AM,22.142
1890,06/19/17 04:15:00 AM,21.760
1891,06/19/17 04:30:00 AM,21.473
1892,06/19/17 04:45:00 AM,21.473
1893,06/19/17 05:00:00 AM,21.473
1894,06/19/17 05:15:00 AM,21.473
1895,06/19/17 05:30:00 AM,21.473
1896,06/19/17 05:45:00 AM,21.473
1897,06/19/17 06:00:00 AM,21.569
1898,06/19/17 06:15:00 AM,21.855
1899,06/19/17 06:30:00 AM,21.855
1900,06/19/17 06:45:00 AM,21.951
1901,06/19/17 07:00:00 AM,22.142
1902,06/19/17 07:15:00 AM,22.333
1903,06/19/17 07:30:00 AM,22.525
1904,06/19/17 07:45:00 AM,22.525
1905,06/19/17 08:00:00 AM,22.525
1906,06/19/17 08:15:00 AM,22.717
1907,06/19/17 08:30:00 AM,22.908
1908,06/19/17 08:45:00 AM,23.004
1909,06/19/17 09:00:00 AM,23.388
1910,06/19/17 09:15:00 AM,23.292
1911,06/19/17 09:30:00 AM,23.292
1912,06/19/17 09:45:00 AM,23.484
1913,06/19/17 10:00:00 AM,23.677
1914,06/19/17 10:15:00 AM,23.966
1915,06/19/17 10:30:00 AM,24.158
1916,06/19/17 10:45:00 AM,24.255
1917,06/19/17 11:00:00 AM,24.255
1918,06/19/17 11:15:00 AM,24.255
1919,06/19/17 11:30:00 AM,24.545
1920,06/19/17 11:45:00 AM,24.545
1921,06/19/17 12:00:00 PM,25.222
1922,06/19/17 12:15:00 PM,25.708
1923,06/19/17 12:30:00 PM,26.390
1924,06/19/17 12:45:00 PM,26.781
1925,06/19/17 01:00:00 PM,26.977
1926,06/19/17 01:15:00 PM,27.075
1927,06/19/17 01:30:00 PM,27.862
1928,06/19/17 01:45:00 PM,28.953
1929,06/19/17 02:00:00 PM,28.655
1930,06/19/17 02:15:00 PM,27.961
1931,06/19/17 02:30:00 PM,26.097
1932,06/19/17 02:45:00 PM,25.222
1933,06/19/17 03:00:00 PM,25.028
1934,06/19/17 03:15:00 PM,25.319
1935,06/19/17 03:30:00 PM,25.319
1936,06/19/17 03:45:00 PM,25.902
1937,06/19/17 04:00:00 PM,26.097
1938,06/19/17 04:15:00 PM,25.902
1939,06/19/17 04:30:00 PM,26.683
1940,06/19/17 04:45:00 PM,26.195
1941,06/19/17 05:00:00 PM,25.902
1942,06/19/17 05:15:00 PM,25.610
1943,06/19/17 05:30:00 PM,25.222
1944,06/19/17 05:45:00 PM,24.931
1945,06/19/17 06:00:00 PM,24.641
1946,06/19/17 06:15:00 PM,24.545
1947,06/19/17 06:30:00 PM,24.351
1948,06/19/17 06:45:00 PM,23.966
1949,06/19/17 07:00:00 PM,23.677
1950,06/19/17 07:15:00 PM,21.760
1951,06/19/17 07:30:00 PM,21.091
1952,06/19/17 07:45:00 PM,20.901
1953,06/19/17 08:00:00 PM,20.901
1954,06/19/17 08:15:00 PM,20.901
1955,06/19/17 08:30:00 PM,20.901
1956,06/19/17 08:45:00 PM,20.901
1957,06/19/17 09:00:00 PM,20.996
1958,06/19/17 09:15:00 PM,20.996
1959,06/19/17 09:30:00 PM,21.187
1960,06/19/17 09:45:00 PM,20.996
1961,06/19/17 10:00:00 PM,20.901
1962,06/19/17 10:15:00 PM,20.901
1963,06/19/17 10:30:00 PM,20.805
1964,06/19/17 10:45:00 PM,20.710
1965,06/19/17 11:00:00 PM,20.615
1966,06/19/17 11:15:00 PM,20.710
1967,06/19/17 11:30:00 PM,20.615
1968,06/19/17 11:45:00 PM,20.519
1969,06/20/17 12:00:00 AM,20.424
1970,06/20/17 12:15:00 AM,20.329
1971,06/20/17 12:30:00 AM,20.234
1972,06/20/17 12:45:00 AM,20.043
1973,06/20/17 01:00:00 AM,19.853
1974,06/20/17 01:15:00 AM,19.758
1975,06/20/17 01:30:00 AM,19.662
1976,06/20/17 01:45:00 AM,19.662
1977,06/20/17 02:00:00 AM,19.662
1978,06/20/17 02:15:00 AM,19.662
1979,06/20/17 02:30:00 AM,19.758
1980,06/20/17 02:45:00 AM,19.758
1981,06/20/17 03:00:00 AM,19.853
1982,06/20/17 03:15:00 AM,19.853
1983,06/20/17 03:30:00 AM,19.853
1984,06/20/17 03:45:00 AM,19.758
1985,06/20/17 04:00:00 AM,19.758
1986,06/20/17 04:15:00 AM,19.758
1987,06/20/17 04:30:00 AM,19.758
1988,06/20/17 04:45:00 AM,19.758
1989,06/20/17 05:00:00 AM,19.758
1990,06/20/17 05:15:00 AM,19.758
1991,06/20/17 05:30:00 AM,19.662
1992,06/20/17 05:45:00 AM,19.662
1993,06/20/17 06:00:00 AM,19.758
1994,06/20/17 06:15:00 AM,19.758
1995,06/20/17 06:30:00 AM,19.853
1996,06/20/17 06:45:00 AM,19.948
1997,06/20/17 07:00:00 AM,20.138
1998,06/20/17 07:15:00 AM,20.138
1999,06/20/17 07:30:00 AM,20.424
2000,06/20/17 07:45:00 AM,21.282
2001,06/20/17 08:00:00 AM,21.569
2002,06/20/17 08:15:00 AM,21.378
2003,06/20/17 08:30:00 AM,21.091
2004,06/20/17 08:45:00 AM,21.473
2005,06/20/17 09:00:00 AM,22.046
2006,06/20/17 09:15:00 AM,21.951
2007,06/20/17 09:30:00 AM,23.196
2008,06/20/17 09:45:00 AM,23.100
2009,06/20/17 10:00:00 AM,23.484
2010,06/20/17 10:15:00 AM,23.581
2011,06/20/17 10:30:00 AM,24.738
2012,06/20/17 10:45:00 AM,24.931
2013,06/20/17 11:00:00 AM,24.931
2014,06/20/17 11:15:00 AM,25.513
2015,06/20/17 11:30:00 AM,27.764
2016,06/20/17 11:45:00 AM,27.665
2017,06/20/17 12:00:00 PM,26.781
2018,06/20/17 12:15:00 PM,25.708
2019,06/20/17 12:30:00 PM,28.060
2020,06/20/17 12:45:00 PM,27.173
2021,06/20/17 01:00:00 PM,26.977
2022,06/20/17 01:15:00 PM,27.075
2023,06/20/17 01:30:00 PM,26.977
2024,06/20/17 01:45:00 PM,27.961
2025,06/20/17 02:00:00 PM,26.879
2026,06/20/17 02:15:00 PM,26.683
2027,06/20/17 02:30:00 PM,26.781
2028,06/20/17 02:45:00 PM,26.977
2029,06/20/17 03:00:00 PM,27.075
2030,06/20/17 03:15:00 PM,26.195
2031,06/20/17 03:30:00 PM,26.781
2032,06/20/17 03:45:00 PM,26.488
2033,06/20/17 04:00:00 PM,26.390
2034,06/20/17 04:15:00 PM,26.390
2035,06/20/17 04:30:00 PM,26.000
2036,06/20/17 04:45:00 PM,25.513
2037,06/20/17 05:00:00 PM,25.222
2038,06/20/17 05:15:00 PM,24.835
2039,06/20/17 05:30:00 PM,24.738
2040,06/20/17 05:45:00 PM,24.351
2041,06/20/17 06:00:00 PM,24.158
2042,06/20/17 06:15:00 PM,23.484
2043,06/20/17 06:30:00 PM,23.004
2044,06/20/17 06:45:00 PM,22.908
2045,06/20/17 07:00:00 PM,22.429
2046,06/20/17 07:15:00 PM,22.142
2047,06/20/17 07:30:00 PM,21.855
2048,06/20/17 07:45:00 PM,21.664
2049,06/20/17 08:00:00 PM,21.378
2050,06/20/17 08:15:00 PM,21.091
2051,06/20/17 08:30:00 PM,20.424
2052,06/20/17 08:45:00 PM,19.853
2053,06/20/17 09:00:00 PM,19.092
2054,06/20/17 09:15:00 PM,18.426
2055,06/20/17 09:30:00 PM,18.140
2056,06/20/17 09:45:00 PM,17.570
2057,06/20/17 10:00:00 PM,17.189
2058,06/20/17 10:15:00 PM,16.903
2059,06/20/17 10:30:00 PM,16.427
2060,06/20/17 10:45:00 PM,16.046
2061,06/20/17 11:00:00 PM,15.855
2062,06/20/17 11:15:00 PM,15.569
2063,06/20/17 11:30:00 PM,15.282
2064,06/20/17 11:45:00 PM,15.091
2065,06/21/17 12:00:00 AM,14.900
2066,06/21/17 12:15:00 AM,14.709
2067,06/21/17 12:30:00 AM,14.421
2068,06/21/17 12:45:00 AM,14.230
2069,06/21/17 01:00:00 AM,13.942
2070,06/21/17 01:15:00 AM,13.846
2071,06/21/17 01:30:00 AM,13.750
2072,06/21/17 01:45:00 AM,13.654
2073,06/21/17 02:00:00 AM,13.461
2074,06/21/17 02:15:00 AM,13.269
2075,06/21/17 02:30:00 AM,13.076
2076,06/21/17 02:45:00 AM,12.980
2077,06/21/17 03:00:00 AM,12.980
2078,06/21/17 03:15:00 AM,12.787
2079,06/21/17 03:30:00 AM,12.690
2080,06/21/17 03:45:00 AM,12.497
2081,06/21/17 04:00:00 AM,12.497
2082,06/21/17 04:15:00 AM,12.401
2083,06/21/17 04:30:00 AM,12.401
2084,06/21/17 04:45:00 AM,12.207
2085,06/21/17 05:00:00 AM,12.110
2086,06/21/17 05:15:00 AM,12.207
2087,06/21/17 05:30:00 AM,12.304
2088,06/21/17 05:45:00 AM,12.497
2089,06/21/17 06:00:00 AM,12.883
2090,06/21/17 06:15:00 AM,13.558
2091,06/21/17 06:30:00 AM,13.461
2092,06/21/17 06:45:00 AM,14.134
2093,06/21/17 07:00:00 AM,15.569
2094,06/21/17 07:15:00 AM,16.332
2095,06/21/17 07:30:00 AM,16.618
2096,06/21/17 07:45:00 AM,18.045
2097,06/21/17 08:00:00 AM,18.331
2098,06/21/17 08:15:00 AM,18.806
2099,06/21/17 08:30:00 AM,19.662
2100,06/21/17 08:45:00 AM,20.329
2101,06/21/17 09:00:00 AM,21.473
2102,06/21/17 09:15:00 AM,22.333
2103,06/21/17 09:30:00 AM,23.292
2104,06/21/17 09:45:00 AM,22.812
2105,06/21/17 10:00:00 AM,23.966
2106,06/21/17 10:15:00 AM,24.641
2107,06/21/17 10:30:00 AM,25.708
2108,06/21/17 10:45:00 AM,25.902
2109,06/21/17 11:00:00 AM,25.708
2110,06/21/17 11:15:00 AM,26.195
2111,06/21/17 11:30:00 AM,29.252
2112,06/21/17 11:45:00 AM,28.060
2113,06/21/17 12:00:00 PM,26.977
2114,06/21/17 12:15:00 PM,26.781
2115,06/21/17 12:30:00 PM,27.961
2116,06/21/17 12:45:00 PM,27.173
2117,06/21/17 01:00:00 PM,26.977
2118,06/21/17 01:15:00 PM,27.075
2119,06/21/17 01:30:00 PM,30.457
2120,06/21/17 01:45:00 PM,33.639
2121,06/21/17 02:00:00 PM,33.639
2122,06/21/17 02:15:00 PM,27.370
