Timestamp,Temperature,Humidity,Pressure,Light,Soil,Voltage
1496160001,23.62,43.856,99.9437,16.69,24537,3.96
1496160901,23.83,44.352,99.9423,945.97,24708,4.092
1496161801,19.2,57,100.0383,7226.45,24758,3.75
1496162701,20.96,55.389,101.0708,59.35,25259,3.838
1496163601,22.76,59.389,101.1185,2659.84,25217,3.291
1496164501,20.81,56.245,101.1142,30832.98,12635,3.594
1496165401,22.46,58.171,101.0953,45732.9,12738,3.584
1496166301,22.99,64.272,101.0827,38369.19,12783,3.589
1496167201,20.62,64.021,101.0797,18756.13,12795,3.589
1496168101,19.42,68.613,101.0621,17724.84,12827,3.345
1496169001,20.9,65.191,101.0382,22354.52,12857,3.315
1496169901,20.38,64.334,101.0245,17988.23,12859,3.584
1496170801,19.02,65.683,101.0166,15805.08,12891,3.213
1496171701,19.07,65.757,100.9988,14606.85,12902,3.076
1496172601,18.16,69.538,100.9795,14586.45,12843,3.521
1496173501,19.2,63.096,100.9953,15170.73,12814,3.496
1496174401,19.06,70.724,100.996,14671.77,12863,3.486
1496175301,19.06,66.013,101.0117,16411.61,12897,3.428
1496176201,19.11,67.765,101.0061,16335.56,12933,3.35
1496177101,19.89,66.914,101.0015,19460.97,12967,3.12
1496178001,19.11,67.332,101.0017,14397.26,12999,3.115
1496178901,18.43,68.083,101.0023,12097.26,12976,3.105
1496179801,17.68,70.149,101.0168,12434.84,12993,3.311
1496180701,17.51,70.488,101.0017,11474.03,13007,3.428
1496181601,17.05,72.902,101.0131,7686.45,13052,3.477
1496182501,16.21,75.2,100.9995,5664.68,13111,3.779
1496183401,15.89,75.211,101.0197,3897.02,13107,3.794
1496184301,16.27,73.623,100.9946,8552.66,13130,4.102
1496185201,16.99,68.592,101.0128,8046.29,13160,4.102
1496186101,15.02,82.008,100.9918,2839.76,13185,3.833
1496187001,14.64,81.075,100.9793,2262.9,13201,3.667
1496187901,14.55,82.481,100.9813,1858.55,13238,3.818
1496188801,13.99,83.274,100.988,615.81,13273,4.092
1496189701,13.53,85.554,100.9807,267.1,13315,3.994
1496190601,13.25,86.942,100.9782,42.66,13346,4.077
1496191501,11.85,90.622,100.9913,3.71,13382,4.053
1496192401,12.63,91.618,101.0147,0,13444,4.102
1496193301,12.94,90.234,100.9931,0,13462,4.102
1496194201,12.64,90.174,101.0188,0,13482,4.102
1496195101,12.33,91.262,100.9933,0,13518,4.102
1496196001,12.01,92.824,100.9675,0,13500,4.102
1496196901,12.15,93.213,100.9746,0,13532,4.102
1496197801,12.45,92.244,100.9711,0,13558,4.102
1496198701,12.46,91.907,100.976,0,13592,4.102
1496199601,12.46,91.461,101.0036,0,13645,4.102
1496200501,12.43,92.294,100.9865,0,13729,4.102
1496201401,12.34,92.231,100.9595,0,13807,4.102
1496202301,12.33,92.568,100.9857,0,13915,4.102
1496203201,12.24,93.187,100.9654,0,14189,4.102
1496204101,12.1,93.884,100.9545,0,14163,4.102
1496205001,12.04,94.893,100.9398,0,14596,4.092
1496205901,12.01,95.559,100.9328,0,14006,4.072
1496206801,11.99,95.933,100.928,0,14418,3.916
1496207701,11.98,96.202,100.9249,0,14057,3.75
1496208601,12,96.39,100.9058,0,14011,3.735
1496209501,12.04,96.563,100.8994,0,14018,3.799
1496210401,12,96.715,100.8876,0,14030,3.882
1496211301,12,96.845,100.868,0,14030,3.936
1496212201,12.04,96.975,100.864,0,14049,3.989
1496213101,12,97.085,100.8368,0,14052,3.984
1496214001,12.02,97.196,100.8099,0,14062,3.975
1496214901,11.99,97.288,100.8069,0,14074,3.955
1496215801,11.96,97.379,100.7857,0,14064,3.96
1496216701,12.03,97.469,100.7791,0,14073,3.94
1496217601,12.03,97.556,100.7845,0,14078,3.926
1496218501,12.02,97.621,100.7612,0,14100,3.931
1496219401,12.01,97.725,100.7528,0,14108,3.936
1496220301,12.06,97.791,100.7201,0,14098,3.955
1496221201,12.01,97.866,100.7373,5.56,14095,4.033
1496222101,12.06,97.955,100.7533,46.37,14138,4.023
1496223001,12.1,98.028,100.7445,183.63,14114,4.004
1496223901,12.34,98.092,100.7418,619.52,14127,4.004
1496224801,12.4,98.15,100.7668,944.11,14141,4.004
1496225701,12.55,98.162,100.7578,1806.61,14151,3.999
1496226601,12.52,98.166,100.767,1183.39,14152,3.975
1496227501,13.14,98.128,100.7698,4060.24,14172,3.989
1496228401,13.06,97.991,100.7857,2587.5,14189,3.994
1496229301,13.24,97.923,100.7878,3869.19,14170,4.004
1496230201,13.57,97.821,100.8057,4394.11,14184,3.999
1496231101,13.77,97.442,100.8063,5460.65,14169,3.994
1496232001,13.88,96.922,100.816,7660.48,14160,3.999
1496232901,14.67,95.875,100.803,11021.45,14154,3.999
1496233801,15.34,92.585,100.8077,9661.85,14165,3.994
1496234701,16.46,89.562,100.786,14007.74,14170,3.989
1496235601,16.04,91.065,100.7957,10329.6,14185,3.994
1496236501,16.32,89.38,100.7868,9769.44,14153,3.994
1496237401,16.63,90.113,100.759,13544.03,14142,3.999
1496238301,18.42,88.545,100.7395,22786.69,14114,3.989
1496239201,18.86,83.395,100.7279,20397.66,13962,3.97
1496240101,17.72,83.922,100.7362,21716.45,13740,3.984
1496241001,18.3,84.551,100.7431,15532.42,12962,3.965
1496241901,17.58,85.702,100.7635,11206.94,13223,3.965
1496242801,17.36,88.027,100.7664,16101.85,13749,3.96
1496243701,17.65,87.214,100.7553,9854.76,13799,3.95
1496244601,18.24,87.694,100.7239,29007.82,13827,3.95
1496245501,20.95,80.242,100.6887,51254.76,13769,3.97
1496246401,21.52,71.604,100.6923,33329.6,13388,3.945
1496247301,22.56,78.879,100.6894,41390.73,13327,3.95
1496248201,22.36,77.517,100.653,49980.48,13269,3.94
1496249101,21.74,72.5,100.633,38892.26,13198,3.936
1496250001,25.51,66.967,100.617,53593.71,13046,4.019
1496250901,24.86,64.822,100.6012,40446.61,13204,3.828
1496251801,24.47,68.356,100.5936,42930.24,13063,3.73
1496252701,25.05,64.013,100.59,42325.56,13294,3.809
1496253601,23.75,66.988,100.5735,24326.21,13552,3.252
1496254501,26.7,61.01,100.5326,43097.18,13536,3.179
1496255401,25.33,64.134,100.5067,32667.42,13412,3.145
1496256301,29.46,53.566,100.4932,95284.92,13623,2.91
1496257201,25.26,60.657,100.4642,20724.11,13919,3.608
1496258101,24.42,72.382,100.4323,19286.61,13738,3.599
1496259001,23.63,69.653,100.4189,26609.52,13684,3.604
1496259901,27.09,62.671,100.4112,41283.15,13682,3.608
1496260801,29.43,60.101,100.3967,41424.11,13667,3.599
1496261701,24.99,62.754,100.3758,27460.89,13639,3.594
1496262601,25.84,66.035,100.351,24825.16,13632,3.599
1496263501,26.33,62.5,100.3475,21963.15,13623,3.589
1496264401,26.15,60.733,100.3267,24747.26,13615,3.599
1496265301,26.21,66.508,100.3191,19065.89,13609,3.594
1496266201,25.24,68.698,100.2841,19134.52,13612,3.599
1496267101,24.1,70.03,100.2681,16864.19,13610,3.623
1496268001,23.89,70.2,100.266,14410.24,13606,3.613
1496268901,22.8,74.182,100.2506,10847.1,13609,3.677
1496269801,28.45,55.681,100.2735,22892.42,13630,3.662
1496270701,21.97,78.54,100.2272,8957.02,13614,3.662
1496271601,20.22,84.317,100.2109,6065.32,13654,3.657
1496272501,16.77,90.403,100.2034,2555.97,13617,3.657
1496273401,14.82,94.989,100.3376,1532.1,13624,3.657
1496274301,14.19,94.504,100.0844,847.66,13488,3.652
1496275201,12.32,94.333,99.6478,437.74,13435,3.662
1496276101,12.65,96.109,100.3148,109.44,13642,3.608
1496277001,14.61,96.679,100.3471,7.42,13805,3.589
1496277901,15.95,96.971,100.3909,0,13884,3.584
1496278801,14.9,96.6,100.513,0,13924,3.589
1496279701,14.35,96.743,100.5567,0,13301,3.589
1496280601,13.87,97.082,100.5485,0,13262,3.589
1496281501,13.92,97.346,100.5241,0,12976,3.589
1496282401,13.52,97.55,100.4587,0,12705,3.584
1496283301,13.1,97.718,100.419,0,12748,3.589
1496284201,11.04,97.835,100.4181,0,12865,3.584
1496285101,9.32,98.054,100.4138,0,13229,3.472
1496286001,10.07,98.072,100.4038,0,13196,4.106
1496286901,10.86,98.174,100.414,0,13270,3.638
1496287801,12.23,98.33,100.3728,0,13294,3.525
1496288701,12.1,98.396,100.3953,0,13326,3.545
1496289601,13.32,98.463,100.477,0,13383,3.545
1496290501,13.48,98.518,100.4316,0,13399,3.56
1496291401,13.66,98.57,100.4933,0,13443,3.56
1496292301,13.66,98.603,100.4122,0,13357,3.56
1496293201,13.11,98.666,100.3451,0,13286,3.589
1496294101,12.67,98.772,100.3621,0,13294,3.584
1496295001,12.1,98.84,100.3868,0,13339,3.584
1496295901,10.96,98.876,100.3815,0,13379,3.589
1496296801,10.74,99.012,100.3709,0,13415,3.589
1496297701,10.54,99.007,100.3423,0,13467,3.638
1496298601,11.2,99.049,100.3495,0,13526,4.102
1496299501,11.63,99.072,100.3859,0,13578,4.102
1496300401,11.76,99.131,100.3676,0,13623,4.102
1496301301,12.16,99.159,100.2789,0,13717,4.102
1496302201,10.98,99.207,100.2121,0,14000,4.102
1496303101,9.04,99.359,100.2152,0,12537,4.077
1496304001,6.92,99.371,100.2097,0,12609,3.892
1496304901,9.18,99.478,100.2517,0,12630,3.638
1496305801,10.84,99.519,100.2538,0,12640,3.848
1496306701,8.17,99.525,100.2445,3.71,12684,3.857
1496307601,6.48,99.537,100.2609,55.65,12739,3.652
1496308501,7.51,99.589,100.262,372.82,12779,3.896
1496309401,9.42,99.607,100.294,1930.89,12782,3.945
1496310301,10.75,99.597,100.3005,1613.71,12822,3.965
1496311201,11.13,99.627,100.3027,1704.6,12846,3.975
1496312101,11.28,99.641,100.2886,2372.34,12865,3.984
1496313001,11.2,99.644,100.3063,5189.84,12889,3.984
1496313901,13.56,99.517,100.3077,5811.21,12944,3.984
1496314801,15.08,99.151,100.3222,17005.16,12924,3.984
1496315701,17.19,95.935,100.3439,21156.29,12954,3.984
1496316601,18.54,82.675,100.3434,26041.94,12917,3.97
1496317501,20.88,80.331,100.3491,32977.18,12798,3.896
1496318401,22.16,74.657,100.3444,41251.61,13135,3.936
1496319301,21.33,70.681,100.3618,42472.1,12658,4.092
1496320201,23.99,72.999,100.3542,48555.97,12557,4.092
1496321101,24.89,60.122,100.375,47426.37,12797,3.931
1496322001,24.47,64.473,100.3726,68927.66,13116,4.092
1496322901,26.52,65.558,100.355,64882.26,12986,4.092
1496323801,28.34,66.446,100.3258,73924.6,12961,4.102
1496324701,28.43,60.949,100.3147,74512.58,12524,4.072
1496325601,28.6,51.744,100.3022,79183.06,12282,3.726
1496326501,29.74,52.583,100.2954,83757.1,12069,3.706
1496327401,31.25,37.961,100.2888,87017.9,12070,3.74
1496328301,32.42,41.787,100.2846,90894.52,12156,3.726
1496329201,31.99,33.693,100.2764,95446.29,11534,3.726
1496330101,31.82,39.266,100.2688,102405.65,11520,3.721
1496331001,31.96,30.86,100.2523,102887.9,11634,3.721
1496331901,33.29,31.633,100.2464,107933.06,11642,3.726
1496332801,33.7,37.019,100.2341,110978.71,11774,3.716
1496333701,33.5,40.916,100.226,114170.89,12016,3.721
1496334601,34.46,34.259,100.1961,26926.69,11999,3.726
1496335501,23.72,57.601,100.1607,11405.4,11981,3.716
1496336401,21.11,64.293,100.155,10060.65,12010,3.711
1496337301,20.46,81.732,100.1441,15799.52,12052,3.691
1496338201,27.15,57.723,100.135,28516.29,12100,3.677
1496339101,33.08,45.982,100.123,113597.74,12146,3.691
1496340001,31.52,39.92,100.1025,70669.35,12369,3.696
1496340901,25.98,41.416,100.1025,30085.48,12459,3.691
1496341801,21.37,57.234,100.1013,8740,12482,3.691
1496342701,20.38,59.366,100.1251,10372.26,12501,3.691
1496343601,24.65,50.941,100.1322,29556.85,12549,3.682
1496344501,32.3,40.161,100.1217,100037.02,12638,3.691
1496345401,32.67,31.023,100.1115,84435.97,12708,3.691
1496346301,24.69,43.405,100.0962,23981.21,12808,3.691
1496347201,29.25,37.221,100.1042,67503.15,12920,3.691
1496348101,33.72,35.71,100.0855,62871.61,12870,3.682
1496349001,30.95,35.944,100.1032,59796.29,12914,3.691
1496349901,30.72,32.85,100.1068,50742.82,12945,3.691
1496350801,22.92,49.563,100.0832,11312.66,13166,3.682
1496351701,24.08,45.498,100.0843,30695.73,12786,3.682
1496352601,29.54,38.382,100.0778,41364.76,12795,3.682
1496353501,28.13,42.195,100.0632,31187.26,12792,3.691
1496354401,28.21,48.459,100.0633,25081.13,12804,3.677
1496355301,27.92,42.803,100.0572,20618.39,12825,3.677
1496356201,26.18,50.741,100.0563,16446.85,12843,3.677
1496357101,23.32,52.698,100.0617,7844.11,12852,3.667
1496358001,15.66,80.097,100.0205,3947.1,12872,3.599
1496358901,13.7,87.861,100.0455,3398.06,12943,4.106
1496359801,12.23,90.361,100.0425,2737.74,12960,3.926
1496360701,11.01,92.818,100.0561,1932.74,13197,4.106
1496361601,9.79,94.125,100.0609,1094.35,13231,4.102
1496362501,8.57,94.885,100.0706,378.39,13264,4.102
1496363401,7.41,95.438,100.0685,63.06,13253,4.102
1496364301,6.59,95.958,100.0806,3.71,12875,4.102
1496365201,6.11,96.351,100.0987,0,12957,4.053
1496366101,5.76,96.636,100.1232,0,12400,4.092
1496367001,5.51,96.847,100.1457,0,12783,4.106
1496367901,5.19,97.001,100.1666,0,12653,4.111
1496368801,4.78,97.121,100.1808,0,12983,3.784
1496369701,4.61,97.256,100.1942,0,12468,4.111
1496370601,4.42,97.372,100.1977,0,12756,3.379
1496371501,6.55,97.638,100.2453,0,12797,3.555
1496372401,6.56,97.78,100.2557,0,12804,4.106
1496373301,6,97.823,100.2735,0,12745,4.106
1496374201,9.09,98.099,100.2887,0,12755,4.072
1496375101,9.7,98.131,100.3096,0,12762,3.867
1496376001,10.08,98.257,100.3261,0,12936,3.916
1496376901,9.66,97.873,100.339,0,12864,4.102
1496377801,9.65,97.235,100.3418,0,12847,3.74
1496378701,9.93,96.738,100.4314,0,12902,3.638
1496379601,8.17,96.563,99.8655,0,12869,3.55
1496380501,8.76,97.112,100.3136,0,12868,3.608
1496381401,9.71,96.87,100.6494,0,12867,3.521
1496382301,9.65,90.664,100.4521,0,12887,3.477
1496383201,8.21,89.923,99.9364,0,12910,3.457
1496384101,7.98,91.627,100.3547,0,12900,3.472
1496385001,6.46,91.556,100.3584,0,12918,4.102
1496385901,3.35,94.996,100.3564,0,12916,3.521
1496386801,1.99,96.062,100.3617,0,13816,4.111
1496387701,1.24,96.605,100.3592,0,13142,4.106
1496388601,0.66,96.938,100.36,0,13512,3.994
1496389501,0.28,97.134,100.3576,0,13547,4.102
1496390401,-0.02,97.309,100.3658,0,13458,3.75
1496391301,-0.36,97.4,100.3706,0,13412,4.087
1496392201,-0.2,97.522,100.3729,0,13407,3.857
1496393101,-0.12,97.647,100.3877,3.71,13457,3.892
1496394001,-0.19,97.704,100.396,63.06,13423,3.916
1496394901,-0.26,97.804,100.4085,461.85,13423,4.106
1496395801,0.27,97.925,100.4174,1645.24,13377,4.106
1496396701,1.74,98.059,100.4313,3635.48,13332,4.111
1496397601,4.18,98.18,100.4321,5727.74,13368,4.111
1496398501,6.4,98.266,100.4469,8224.35,13126,4.111
1496399401,8.54,98.074,100.4453,13696.13,13133,4.106
1496400301,9.75,95.963,100.437,14030,13473,4.111
1496401201,11.81,87.416,100.4363,23094.6,12991,4.106
1496402101,12.63,79.199,100.4271,19724.35,12585,4.106
1496403001,14.25,74.46,100.4295,22564.11,12662,4.106
1496403901,17.3,65.761,100.4406,27301.37,12625,4.072
1496404801,20.01,63.211,100.4451,37788.63,12007,4.082
1496405701,19.83,57.729,100.4495,38936.77,11555,4.072
1496406601,21.27,53.332,100.4432,46257.82,11434,4.063
1496407501,22.57,45.129,100.4539,51143.47,11678,3.94
1496408401,22.32,42.399,100.4637,56029.11,12404,4.102
1496409301,23.55,36.98,100.4621,61576.94,12314,4.102
1496410201,24.24,39.374,100.4684,66440.32,12090,3.926
1496411101,25.39,37.36,100.4487,72409.19,11941,3.975
1496412001,26.02,35.27,100.4435,77734.44,11405,4.102
1496412901,26.82,31.403,100.4337,81594.35,11493,4.092
1496413801,28.59,37.968,100.4204,86528.23,11727,3.726
1496414701,27.83,31.839,100.4116,90579.19,10720,3.867
1496415601,29.33,33.497,100.3987,94396.45,10596,3.984
1496416501,30.1,29.592,100.3876,101856.61,10606,3.74
1496417401,26.88,30.927,100.3766,113944.6,11258,4.102
1496418301,28.34,31.462,100.3682,59970.65,11252,4.102
1496419201,25.25,42.721,100.337,35664.84,11249,4.102
1496420101,30.13,32.278,100.2907,32628.47,11272,4.102
1496421001,31.76,28.186,100.3013,115152.1,11289,4.102
1496421901,26.14,35.165,100.2562,44080.24,11269,4.102
1496422801,30.47,28.925,100.2416,37617.98,11289,4.102
1496425501,31.2,30.218,100.1881,115786.45,11217,4.102
1496426401,32.2,30.181,100.1659,40188.79,11209,4.102
1496427301,33.11,26.982,100.1506,102925,11201,4.102
1496428201,30.21,25.438,100.156,29851.77,11171,4.102
1496429101,33.77,26.974,100.1604,107554.68,11191,4.102
1496430001,23.75,40.53,100.1354,19379.35,11131,4.102
1496430901,29.41,32.261,100.1594,89902.18,11161,4.102
1496431801,23.78,36.41,100.1156,16435.73,11155,4.102
1496432701,19.75,49.929,100.1239,3850.65,11171,4.106
1496433601,20.84,66.722,100.1704,77283.71,11181,4.106
1496434501,21.91,73.365,100.1473,19963.63,11185,4.106
1496435401,27.92,56.026,100.1588,54704.76,11203,4.106
1496436301,21.85,63.043,100.1524,11972.98,11204,4.106
1496437201,21.99,59.826,100.1755,32068.31,11221,4.106
1496438101,24.39,47.611,100.1612,36820.4,11243,4.106
1496439001,26.87,42.476,100.1368,32253.79,11264,4.106
1496439901,23.86,48.188,100.1299,26997.18,11403,4.106
1496440801,22.96,48.959,100.131,14350.89,11610,4.067
1496441701,25.19,38.866,100.1444,24342.9,11627,4.072
1496442601,22.21,45.341,100.157,15261.61,11580,3.965
1496443501,20.46,47.968,100.164,7263.55,11393,3.95
1496444401,16.43,66.829,100.1734,6935.24,11254,3.94
1496445301,15.7,57.105,100.1938,4264.27,11393,3.77
1496446201,14.8,82.966,100.1971,4507.26,11418,4.053
1496447101,14.4,63.219,100.2233,2385.32,11543,3.906
1496448001,10.36,87.326,100.2324,1213.06,11955,4.063
1496448901,11.67,75.388,100.2499,448.87,11729,4.014
1496449801,8.99,86.653,100.2636,77.9,11041,4.023
1496450701,6.69,91.969,100.2871,5.56,11554,4.092
1496451601,4.97,93.601,100.2941,0,10830,4.067
1496452501,4.03,94.751,100.3124,0,12034,4.028
1496453401,3.37,95.332,100.3338,0,11600,4.009
1496454301,2.89,95.648,100.35,0,11375,4.087
1496455201,2.61,95.925,100.3631,0,11833,3.984
1496456101,2.35,96.134,100.3829,0,11257,3.994
1496457001,1.85,96.296,100.3764,0,11244,4.106
1496457901,1.51,96.441,100.3701,0,11361,4.082
1496458801,1.22,96.545,100.3668,0,11459,4.111
1496459701,1.1,96.677,100.3567,0,12030,4.106
1496460601,0.8,96.748,100.3686,0,12034,4.106
1496461501,0.54,96.834,100.37,0,12095,4.106
1496462401,0.39,96.951,100.3616,0,12107,4.106
1496463301,0.24,97.01,100.3602,0,12185,4.106
1496464201,-0.14,97.061,100.3506,0,12116,4.106
1496465101,-0.42,97.125,100.34,0,12169,4.111
1496466001,-0.6,97.187,100.3341,0,12201,4.111
1496466901,-0.74,97.229,100.3283,0,12191,4.111
1496467801,-0.68,97.289,100.308,0,12169,4.111
1496468701,-0.91,97.362,100.3002,0,12300,4.111
1496469601,-1.01,97.402,100.2887,0,12587,4.111
1496470501,-1.05,97.422,100.2872,0,12400,4.111
1496471401,-1.18,97.479,100.2897,0,12602,4.111
1496472301,-1.2,97.525,100.2835,0,12661,4.111
1496473201,-1.28,97.55,100.2631,0,12686,4.111
1496474101,-1.31,97.618,100.2737,0,12645,4.111
1496475001,-1.39,97.651,100.2957,0,12664,4.111
1496475901,-1.49,97.659,100.2953,0,12662,4.111
1496476801,-1.56,97.705,100.2937,0,12713,4.111
1496477701,-1.48,97.735,100.3066,0,12803,4.111
1496478601,-1.49,97.775,100.308,0,12821,4.111
1496479501,-1.67,97.794,100.3067,3.71,12938,4.111
1496480401,-1.59,97.825,100.3258,63.06,13048,4.111
1496481301,-1.63,97.834,100.3337,443.31,13146,4.111
1496482201,-1.17,97.891,100.3296,1632.26,13140,4.111
1496483101,0.55,98.019,100.3284,4067.66,13125,4.106
1496484001,1.77,98.077,100.3396,5699.92,13132,4.111
1496484901,3.95,98.191,100.3498,6816.53,13140,4.106
1496485801,6.24,98.188,100.3706,14584.6,13115,4.106
1496486701,7.6,98.172,100.3622,18539.11,13079,4.106
1496487601,10.21,96.106,100.3846,11633.55,13069,4.106
1496488501,14.37,76.28,100.3884,41268.31,13087,4.106
1496489401,14.6,75.069,100.3615,29276.77,13138,4.106
1496490301,15.28,70.915,100.366,25194.27,13355,4.106
1496491201,15.99,74.632,100.3465,20490.4,12482,3.833
1496492101,15.8,72.75,100.3606,19863.47,12440,3.833
1496493001,15.71,67.048,100.363,22510.32,12398,3.833
1496493901,17.42,69.709,100.3387,27974.68,12312,3.833
1496494801,17.31,63.625,100.3576,22530.73,12253,3.828
1496495701,18.27,56.715,100.3353,26027.1,12181,3.828
1496496601,19.33,54.126,100.3255,35284.6,12217,3.833
1496497501,23.87,46.28,100.3148,69491.53,12080,4.106
1496498401,21.3,47.823,100.3145,38819.92,12308,4.106
1496499301,17.14,54.483,100.3028,13186.05,12317,4.106
1496500201,15.94,65.383,100.329,17646.94,12296,4.106
1496501101,14.18,76.763,100.3318,12316.13,12305,4.106
1496502001,16.88,73.965,100.3265,27390.4,12311,4.106
1496502901,16.81,70.885,100.3279,30671.61,12301,4.106
1496503801,18.58,64.308,100.2983,42692.82,12323,4.106
1496504701,19.33,57.674,100.2858,37751.53,12302,4.106
1496505601,23.88,51.397,100.285,84539.84,12266,4.106
1496506501,25.93,44.128,100.2648,105176.77,12189,4.082
1496507401,24.3,40.865,100.245,93914.19,12079,3.989
1496508301,25.95,40.696,100.243,114104.11,12077,3.975
1496509201,26.5,38.557,100.225,40793.47,12445,3.882
1496511901,29.69,29.876,100.2045,116971.69,12359,4.014
1496512801,30.84,25.889,100.2001,118852.5,12755,4.082
1496513701,27.03,30.8,100.1753,23202.18,12909,3.989
1496514601,22.6,42.899,100.1706,28215.81,13107,3.794
1496515501,27.5,42.195,100.1764,98493.79,13157,3.701
1496516401,24.5,33.447,100.1585,24938.31,13180,3.794
1496517301,27.21,34.849,100.1805,28866.85,13206,3.701
1496518201,31.24,28.651,100.1717,89314.19,13235,3.706
1496519101,25.06,39.434,100.1735,29048.63,13236,3.706
1496520001,22.87,38.993,100.18,24786.21,13221,3.701
1496520901,26.02,34.313,100.1812,28130.48,13205,3.711
1496521801,22.58,44.352,100.1842,24333.63,13158,3.716
1496522701,23.02,42.86,100.1876,29990.89,13125,3.735
1496523601,27.78,31.893,100.1831,15192.98,13130,3.726
1496524501,27.09,34.829,100.1966,48808.23,13124,3.711
1496525401,22.57,48.827,100.1812,15174.44,13121,3.735
1496526301,19.74,61.746,100.17,11236.61,13124,3.652
1496527201,20.51,58.399,100.1851,8211.37,13144,3.643
1496528101,19.13,65.943,100.1902,7066.94,13215,3.701
1496529001,19.19,67.866,100.2017,8378.31,13248,3.652
1496529901,20.62,61.174,100.2281,9014.52,13169,3.618
1496530801,18.69,66.434,100.2348,6495.65,13190,3.623
1496531701,16.82,75.953,100.2197,4299.52,13300,3.662
1496532601,16.16,83.233,100.2453,2849.03,13350,3.667
1496533501,15.35,85.503,100.2578,1346.61,13393,3.643
1496534401,14.5,89.023,100.2839,1042.42,13424,3.56
1496535301,11.4,89.702,100.2909,428.47,13455,3.643
1496536201,7.85,92.291,100.3177,76.05,13474,4.023
1496537101,7.56,94.461,100.3448,5.56,13461,4.033
1496538001,7.03,95.194,100.3612,0,13414,4.111
1496538901,6.41,95.531,100.3724,0,13294,4.009
1496539801,5.77,95.872,100.3808,0,13165,4.009
1496540701,4.24,95.978,100.3959,0,13157,4.019
1496541601,3.59,96.23,100.411,0,13215,4.004
1496542501,3.19,96.427,100.4281,0,13036,4.014
1496543401,2.89,96.58,100.4403,0,13337,3.989
1496544301,2.65,96.75,100.4548,0,13242,4.111
1496545201,2.54,96.874,100.4518,0,13140,4.053
1496546101,2.34,96.965,100.4502,0,13526,4.106
1496547001,2.71,97.125,100.4733,0,13500,4.111
1496547901,3.78,97.281,100.4903,0,13411,4.058
1496548801,2.88,97.301,100.4761,0,13495,4.058
1496549701,2.25,97.371,100.4754,0,13528,4.058
1496550601,2.22,97.447,100.4773,0,13516,4.028
1496551501,2.16,97.499,100.4641,0,13310,4.014
1496552401,1.48,97.524,100.4708,0,13322,4.111
1496553301,1.29,97.567,100.4684,0,13295,4.102
1496554201,1.24,97.641,100.4957,0,13189,4.106
1496555101,0.89,97.665,100.5021,0,13139,4.106
1496556001,0.73,97.723,100.5049,0,13249,4.106
1496556901,0.61,97.759,100.4938,0,13219,4.106
1496557801,0.41,97.799,100.5122,0,13163,4.106
1496558701,0.19,97.811,100.5058,0,13087,4.106
1496559601,0.11,97.845,100.5167,0,13067,3.975
1496560501,-0.09,97.895,100.5347,0,13053,3.984
1496561401,-0.05,97.927,100.5469,0,13143,4.111
1496562301,0.03,97.944,100.5589,0,13153,4.111
1496563201,-0.02,97.997,100.567,0,13085,4.106
1496564101,-0.38,98.017,100.5711,0,12999,4.111
1496565001,-0.45,98.023,100.5725,0,12991,4.111
1496565901,-0.67,98.048,100.572,3.71,13119,4.111
1496566801,-0.5,98.105,100.5755,68.63,13096,4.106
1496567701,0.31,98.166,100.5707,721.53,12995,4.106
1496568601,1.91,98.278,100.5726,2374.19,13076,4.106
1496569501,3.58,98.342,100.5703,3748.63,13001,4.106
1496570401,5.07,98.393,100.5691,4913.47,12977,4.106
1496571301,6.28,98.401,100.5788,6892.58,13075,4.106
1496572201,6.57,98.391,100.5845,7113.31,13087,4.106
1496573101,7.82,98.308,100.5814,8133.47,13292,4.106
1496574001,10.37,97.652,100.5831,25331.53,13288,4.106
1496574901,14.44,80.293,100.5675,33142.26,12924,4.106
1496575801,16.66,72.86,100.572,34221.77,12708,3.97
1496576701,18.03,68.721,100.5751,33509.52,12540,3.965
1496577601,20.81,61.803,100.5802,37835,12626,3.984
1496578501,20.96,63.446,100.5788,41344.35,12563,3.975
1496579401,22.72,58.013,100.5961,45883.15,12590,3.975
1496580301,24.12,49.052,100.5981,51288.15,12477,4.072
1496581201,25.12,49.171,100.5936,56440.89,12147,4.092
1496582101,28.71,42.147,100.5808,63420.65,12364,4.053
1496583001,26.31,39.328,100.5682,64876.69,12547,4.092
1496583901,28.71,37.2,100.5689,75603.23,12483,3.95
1496584801,30.33,33.605,100.5529,75287.9,11986,4.102
1496585701,29.3,36.295,100.5632,83183.95,12101,4.102
1496586601,30.8,36.669,100.5482,90404.84,12126,4.102
1496587501,31.94,37.465,100.5487,93532.1,12104,4.102
1496588401,33.54,29.004,100.5496,97931.77,11908,4.102
1496589301,30.49,31.164,100.5354,95611.37,11841,4.102
1496590201,31.41,32.634,100.5249,84992.42,11740,4.102
1496591101,32.95,33.636,100.5002,71585.65,11688,4.102
1496592001,30.83,35.912,100.4635,68384.19,11689,4.102
1496592901,28.6,36.526,100.4408,39383.79,11722,4.102
1496593801,24.22,43.008,100.4259,33962.1,11743,4.102
1496594701,26.43,41.102,100.3912,32689.68,11837,4.102
1496595601,26.01,46.818,100.371,35850.32,11831,4.106
1496596501,26.33,39.625,100.339,32326.13,11845,4.106
1496597401,24.19,56.208,100.3371,22317.42,11879,4.106
1496598301,24.13,50.94,100.3332,21799.92,12018,4.106
1496599201,22.79,45.253,100.363,21976.13,12144,4.106
1496600101,23.39,51.714,100.3911,17852.82,11886,4.106
1496601001,21.89,51.978,100.3918,16463.55,11956,4.106
1496601901,22.16,57.986,100.3604,16496.94,11846,3.882
1496602801,24.08,47.442,100.3532,28627.58,11653,3.911
1496603701,22.87,47.19,100.3347,16969.92,11570,3.911
1496604601,20.8,63.97,100.3291,11001.05,11519,3.911
1496605501,21.24,64.492,100.3262,14161.69,11780,3.931
1496606401,20.46,58.716,100.3093,13340,11852,3.975
1496607301,19.4,66.963,100.3069,10767.34,11399,4.106
1496608201,19.2,65.709,100.2964,13110,12766,4.106
1496609101,17.79,65.114,100.2862,15155.89,12883,3.838
1496610001,16.99,78.057,100.2864,9285.32,12844,3.965
1496610901,16.51,85.993,100.2807,7562.18,11916,3.945
1496611801,15.8,90.666,100.2967,4327.34,12486,3.955
1496612701,15.34,89.731,100.2987,4342.18,12632,3.896
1496613601,14.34,89.725,100.2849,2120.08,12594,3.95
1496614501,14.21,92.698,100.2804,2385.32,12506,3.887
1496615401,14.13,93.969,100.2781,2632.02,12598,3.848
1496616301,14.09,94.583,100.2813,1504.27,12653,3.877
1496617201,13.66,94.623,100.3032,968.23,12651,3.945
1496618101,13.46,95.155,100.3103,1036.85,12617,3.892
1496619001,13.02,95.483,100.3289,662.18,12386,3.945
1496619901,12.7,95.684,100.3392,461.85,12266,4.067
1496620801,12.5,96.239,100.3218,205.89,11942,4.048
1496621701,12.48,96.637,100.3113,51.94,11722,3.955
1496622601,12.5,96.923,100.3022,11.13,11685,4.077
1496623501,12.55,97.141,100.2931,0,11731,3.984
1496624401,12.49,97.335,100.2633,0,11743,4.106
1496625301,12.49,97.496,100.26,0,11779,4.106
1496626201,12.55,97.652,100.2534,0,11755,4.106
1496627101,12.57,97.786,100.2567,0,11740,4.106
1496628001,12.61,97.905,100.25,0,11774,4.106
1496628901,12.66,98.023,100.2485,0,11830,4.106
1496629801,12.69,98.127,100.2326,0,11971,4.106
1496630701,12.63,98.21,100.2176,0,11956,4.106
1496631601,12.63,98.308,100.2221,0,11957,4.106
1496632501,12.6,98.389,100.2171,0,11831,4.106
1496633401,12.63,98.46,100.198,0,12160,4.106
1496634301,12.61,98.532,100.192,0,12182,4.106
1496635201,12.55,98.595,100.1894,0,12205,4.106
1496636101,12.54,98.669,100.1896,0,12214,4.106
1496637001,12.6,98.725,100.1623,0,12213,4.106
1496637901,12.53,98.785,100.1392,0,12202,4.106
1496638801,12.46,98.834,100.112,0,12217,4.106
1496639701,12.36,98.899,100.0898,0,12241,4.106
1496640601,12.39,98.94,100.1004,0,11598,4.067
1496641501,12.37,98.99,100.0984,0,11993,4.009
1496644201,12.31,99.149,100.0554,0,11866,3.984
1496646001,12.28,99.216,100.0123,0,12037,3.989
1496646901,12.23,99.268,99.9768,0,12090,3.989
1496651401,12.02,99.452,99.8752,0,12355,4.004
1496652301,11.94,99.488,99.8674,0,12081,4.004
1496653201,12.06,99.524,99.8735,5.56,12066,3.994
1496654101,12.08,99.551,99.882,33.39,12064,3.994
1496655001,12.2,99.589,99.9289,120.56,12094,3.999
1496655901,12.24,99.609,99.9409,283.79,12099,3.994
1496656801,12.44,99.609,99.9232,673.31,12104,3.989
1496657701,12.72,99.642,99.9122,1168.55,12117,3.989
1496658601,12.9,99.638,99.8998,1882.66,12136,3.994
1496659501,12.9,99.627,99.9132,1517.26,12151,3.989
1496660401,12.99,99.626,99.907,1843.71,12149,3.994
1496661301,13.44,99.599,99.8842,3411.05,12172,3.994
1496662201,14.06,99.358,99.8667,8081.53,12186,3.994
1496663101,14.01,99.269,99.8745,5505.16,12210,3.994
1496664001,14.51,99.066,99.88,7293.23,12219,3.994
1496664901,14.39,98.44,99.8923,6286.05,12213,3.994
1496665801,14.24,98.134,99.9008,6260.08,12233,3.994
1496666701,14.51,97.442,99.8981,7513.95,12247,3.994
1496667601,14.67,95.709,99.892,9060.89,12244,3.994
1496668501,15.55,93.79,99.8906,11921.05,12277,3.994
1496669401,15.79,93.26,99.9109,11772.66,12219,3.994
1496670301,16.21,93.371,99.9414,14714.44,12233,3.999
1496671201,16.03,89.846,99.9254,14115.32,12247,3.999
1496672101,16.59,89.665,99.9451,17357.58,12258,3.999
1496673001,18.69,84.049,99.9216,22831.21,12343,3.999
1496673901,17.6,84.231,99.9292,14959.27,12263,4.004
1496674801,17.75,87.73,99.9348,19349.68,12179,3.999
1496675701,17.48,84.516,99.946,13816.69,12168,3.999
1496676601,18.11,84.557,99.9481,19748.47,12150,3.999
1496677501,18.87,82.215,99.9371,19985.89,12109,3.999
1496678401,17.98,83.442,99.93,16368.95,12064,3.999
1496679301,17.83,80.512,99.9221,16207.58,12117,3.999
1496680201,18.58,79.651,99.9271,27475.73,12071,3.999
1496681101,19.42,75.356,99.9313,23079.76,12103,3.999
1496682001,18.65,79,99.9292,20842.82,12058,3.999
1496682901,19.17,77.02,99.9154,18591.05,12054,3.999
1496683801,19.02,75.975,99.9235,21705.32,12136,3.999
1496684701,19.22,76.019,99.9269,17834.27,12072,4.004
1496685601,18.63,80.026,99.919,15929.35,12103,4.004
1496686501,18.18,82.827,99.906,13250.97,12121,4.004
1496687401,17.37,84.175,99.9111,12243.79,12133,3.999
1496688301,16.99,84.656,99.9172,10505.81,12118,4.004
1496689201,16.75,83.927,99.9101,8821.61,12121,3.999
1496690101,16.55,84.416,99.9035,8339.35,12151,3.999
1496691001,17.03,82.042,99.8704,12227.1,12181,3.999
1496691901,16.37,85.678,99.8942,9110.97,12183,3.999
1496692801,15.25,85.132,99.9098,5492.18,12197,3.999
1496693701,15.39,86.488,99.919,4145.56,12205,3.999
1496694601,15.53,89.395,99.9151,7015,12221,3.999
1496695501,15.73,84.468,99.8763,6632.9,12243,3.999
1496696401,15.45,88.47,99.8884,5060,12248,3.999
1496697301,15.04,86.101,99.8698,5047.02,12262,3.999
1496698201,14.76,87.12,99.8745,3828.39,12275,3.999
1496699101,14.76,86.616,99.8657,4826.29,12320,3.999
1496700001,14.3,87.838,99.8587,2793.39,12278,3.999
1496700901,13.9,89.897,99.865,2101.53,12316,3.994
1496701801,13.73,90.255,99.8464,2287.02,12294,3.994
1496702701,13.42,90.214,99.862,918.15,12298,3.999
1496703601,13.18,90.631,99.8753,999.76,12330,3.999
1496704501,13.04,91.117,99.9042,515.65,12356,3.994
1496705401,12.87,91.841,99.9247,348.71,12352,3.999
1496706301,12.73,91.803,99.925,231.85,12364,3.994
1496707201,12.63,92.455,99.9171,144.68,12354,3.994
1496708101,12.53,92.313,99.9272,31.53,12356,3.989
1496709001,12.44,92.426,99.904,9.27,12364,3.989
1496709901,12.17,94.671,99.9098,0,12355,3.989
1496710801,12.1,95.924,99.9094,0,12336,3.994
1496711701,11.76,96.533,99.922,0,10751,3.994
1496712601,11.72,96.968,99.9119,0,10506,3.989
1496713501,11.69,97.287,99.916,0,10527,3.994
1496714401,11.76,97.583,99.909,0,10627,3.994
1496715301,11.63,97.686,99.9153,0,10863,3.989
1496716201,11.59,97.782,99.9092,0,10947,3.989
1496717101,11.49,97.816,99.902,0,10903,3.989
1496718001,11.41,97.908,99.8866,0,10945,3.989
1496718901,11.41,98.057,99.8726,0,11016,3.989
1496719801,11.38,98.105,99.8903,0,11087,3.989
1496720701,11.34,98.096,99.8685,0,11181,3.984
1496721601,11.37,98.157,99.8567,0,11257,3.989
1496722501,11.33,98.17,99.8479,0,11317,3.975
1496723401,11.31,98.231,99.8492,0,11344,4.092
1496724301,11.31,98.274,99.8499,0,10913,4.092
1496725201,11.34,98.345,99.8538,0,11160,4.004
1496726101,11.34,98.432,99.8222,0,11288,4.009
1496727001,11.26,98.491,99.8092,0,11273,4.009
1496727901,11.22,98.513,99.7806,0,11314,4.009
1496728801,11.13,98.546,99.7547,0,11361,3.999
1496729701,11.03,98.547,99.7561,0,11362,3.999
1496730601,10.92,98.563,99.7338,0,11360,4.019
1496731501,10.84,98.667,99.7254,0,11415,4.023
1496732401,10.81,98.735,99.723,0,11380,4.106
1496733301,10.7,98.807,99.7179,0,11593,4.111
1496734201,10.67,98.825,99.6987,0,11671,4.111
1496735101,10.64,98.889,99.7127,0,11774,4.111
1496736001,10.61,98.926,99.7004,0,11817,4.111
1496736901,10.51,98.863,99.672,0,11862,4.111
1496737801,10.43,98.845,99.6804,0,11877,4.111
1496738701,10.37,98.798,99.6467,0,11859,4.111
1496739601,10.3,98.685,99.6657,11.13,11853,4.111
1496740501,10.21,98.567,99.6634,77.9,11855,4.111
1496741401,10.13,98.538,99.6708,146.53,11953,4.111
1496742301,10.1,98.242,99.6559,745.65,11881,4.111
1496743201,10.12,98.041,99.6608,921.85,11839,4.111
1496744101,9.94,97.633,99.7032,740.08,11755,4.111
1496745001,9.81,97.315,99.7479,623.23,11661,4.111
1496745901,9.87,96.95,99.7709,1498.71,11699,4.111
1496746801,9.82,96.917,99.7783,881.05,11709,4.111
1496747701,9.89,96.759,99.7825,1815.89,11730,4.111
1496748601,9.86,96.676,99.7887,1719.44,11703,4.111
1496749501,9.99,96.944,99.8021,2027.34,11784,4.106
1496750401,9.92,96.518,99.8071,3101.29,11757,4.111
1496751301,10.22,96.477,99.7849,3648.47,11721,4.111
1496752201,10.47,96.617,99.7979,4184.52,11704,4.111
1496753101,10.25,96.483,99.8203,2802.66,11690,4.111
1496754001,10.36,96.832,99.8467,3253.39,11694,4.111
1496754901,10,96.534,99.8581,3457.42,11545,4.111
1496755801,10.23,96.941,99.8623,7226.45,10800,4.111
1496756701,10.24,96.987,99.8651,4692.74,10503,4.111
1496757601,10.5,96.58,99.8574,5484.76,10468,4.111
1496758501,10.43,96.425,99.8747,4538.79,10528,4.111
1496759401,10.84,96.558,99.9088,4180.81,10641,4.111
1496760301,10.49,96.674,99.9486,4945,10739,4.106
1496761201,10.69,95.552,99.7948,13913.15,10770,4.111
1496762101,11.52,93.947,99.7991,23741.94,10673,4.111
1496763001,12.69,91.958,99.7604,21519.84,10704,4.111
1496763901,14.79,84.706,99.834,25604.19,10749,4.106
1496764801,15.22,78.106,99.869,29486.37,10823,4.106
1496765701,13.76,88.832,99.8864,20670.32,10887,4.106
1496766601,15.75,85.637,99.869,28588.63,10965,4.106
1496767501,12.73,88.875,99.9041,11755.97,11063,4.106
1496768401,12.51,89.996,99.8953,12126.94,11104,4.106
1496769301,12.73,86.981,99.8681,23992.34,11151,4.111
1496770201,12.38,88.576,99.8784,10732.1,11198,4.111
1496771101,12.76,86.977,99.8766,14972.26,11221,4.111
1496772001,12.43,87.509,99.8785,16272.5,11256,4.106
1496772901,11.31,87.482,99.8848,13404.92,11256,4.111
1496773801,10.8,89.458,99.8769,7404.52,11236,4.106
1496774701,11.36,91.204,99.9033,17457.74,11295,4.111
1496775601,10.34,91.26,99.9338,11960,11220,4.106
1496776501,11.91,92.261,99.9189,16109.27,11029,4.111
1496777401,10.49,94.114,99.9707,5128.63,11065,4.111
1496778301,10,94.299,100.0377,8389.44,11080,4.106
1496779201,10.07,94.445,100.0698,8740,10755,4.111
1496780101,9.45,95.486,100.0959,2420.56,10750,4.111
1496781001,9.71,95.424,100.0879,8461.77,10739,4.106
1496781901,9.59,96.078,100.1094,4917.18,10555,4.111
1496782801,10.56,93.837,100.103,21043.15,10554,4.111
1496783701,10.75,91.442,100.0862,18036.45,10641,4.111
1496784601,10.67,91.84,100.098,11739.27,10729,4.106
1496785501,9.92,93.744,100.0849,7233.87,10828,4.111
1496786401,9.77,94.284,100.0932,7641.94,10942,4.111
1496787301,10.52,93.623,100.1129,12421.85,11038,4.111
1496788201,10.67,91.916,100.1198,13924.27,11112,4.111
1496789101,10.65,92.83,100.1456,8754.84,11187,4.111
1496790001,10.1,94.215,100.1568,5668.39,11296,4.111
1496790901,9.98,95.094,100.1869,4479.44,11382,4.111
1496791801,9.67,94.553,100.1984,2991.85,11378,4.111
1496792701,9.31,95.262,100.2037,1513.55,11449,4.111
1496793601,9.03,96.44,100.229,699.27,11488,4.111
1496794501,8.82,97.008,100.2509,205.89,11531,4.111
1496795401,8.71,97.328,100.2512,53.79,11581,4.111
1496796301,8.61,97.681,100.249,5.56,11606,4.111
1496797201,8.56,97.992,100.2709,0,11675,4.111
1496798101,8.64,98.247,100.2687,0,11785,4.111
1496799001,8.6,98.432,100.297,0,11855,4.106
1496799901,8.67,98.586,100.3065,0,11948,4.106
1496800801,8.61,98.703,100.3232,0,12058,4.072
1496801701,8.63,98.782,100.3358,0,11995,4.053
1496802601,8.71,98.876,100.3554,0,11988,4.004
1496803501,8.77,98.945,100.3485,0,12037,4.004
1496804401,8.87,99.031,100.3574,0,11985,4.004
1496805301,8.87,99.095,100.3534,0,11969,4.004
1496806201,8.83,99.149,100.3504,0,11919,4.009
1496807101,8.88,99.205,100.3513,0,11865,4.004
1496808001,8.85,99.274,100.3514,0,11841,4.009
1496808901,8.93,99.323,100.358,0,11897,4.009
1496809801,8.92,99.385,100.344,0,12007,4.009
1496810701,8.91,99.426,100.3598,0,12099,4.102
1496811601,8.97,99.471,100.3504,0,12156,4.111
1496812501,9.01,99.522,100.3554,0,12172,4.111
1496813401,9.02,99.559,100.3502,0,12179,4.106
1496814301,8.95,99.606,100.3421,0,12185,4.111
1496815201,8.89,99.647,100.3384,0,12195,4.106
1496816101,8.79,99.7,100.3437,0,12203,4.106
1496817001,8.8,99.734,100.3427,0,12219,4.102
1496817901,8.74,99.784,100.3394,0,12266,4.023
1496818801,8.67,99.814,100.3258,0,12214,4.014
1496819701,8.63,99.868,100.3255,0,12240,3.97
1496820601,8.54,99.9,100.3254,0,12256,4.106
1496821501,8.25,99.933,100.315,0,12283,4.111
1496822401,7.41,99.963,100.3099,0,12342,4.106
1496823301,7.42,99.989,100.3036,0,12361,4.023
1496824201,7.63,100,100.3206,0,12383,3.989
1496825101,7.82,100,100.3216,3.71,12582,3.984
1496826001,7.92,100,100.3118,59.35,12611,3.975
1496826901,8.01,100,100.326,337.58,12607,3.97
1496827801,8.36,100,100.3354,825.4,12605,3.965
1496828701,8.83,100,100.3343,1878.95,12602,3.965
1496829601,9.43,100,100.3608,3399.92,12655,3.965
1496830501,10.06,100,100.3636,6345.4,12608,3.965
1496831401,10.87,100,100.383,9847.34,12608,3.965
1496832301,11.9,99.207,100.3731,14030,12605,3.965
1496833201,13.21,96.993,100.3847,20572.02,12606,3.965
1496834101,13.8,90.084,100.3825,25455.81,12639,3.965
1496835001,13.62,90.548,100.3923,24220.48,12604,3.965
1496835901,13.95,87.909,100.4099,21460.48,12600,3.965
1496836801,13.96,90.793,100.4382,17244.44,12571,3.965
1496837701,14.14,88.045,100.4636,18216.37,12551,3.965
1496838601,15.25,84.433,100.4792,24812.18,12564,3.965
1496839501,16.24,84.336,100.4855,23450.73,12694,3.965
1496840401,18.86,75.371,100.4944,40695.16,12731,3.97
1496841301,17.52,67.601,100.5042,32209.27,12667,3.97
1496842201,18.49,69.968,100.4991,33691.29,12632,3.97
1496843101,19.06,72.234,100.4992,35368.06,12651,3.97
1496844001,21.07,68.141,100.506,54474.76,12804,3.989
1496844901,21.12,56.9,100.5015,54652.82,12631,4.004
1496845801,21.56,60.519,100.4967,52571.69,12367,3.936
1496846701,23.87,60,100.4926,64819.19,12334,3.882
1496848501,22.9,56.902,100.48,56516.94,12297,3.623
1496849401,25.92,44.036,100.4857,59289.92,12234,3.73
1496850301,25.42,45.656,100.478,104824.35,12146,3.33
1496851201,25.32,45.374,100.4768,48420.56,11950,3.35
1496852101,25.36,39.563,100.4612,57692.9,11959,3.296
1496853001,28.45,47.356,100.4607,43685.16,11960,3.311
1496853901,26,42.417,100.4461,35653.71,12003,3.315
1496854801,29.36,36.289,100.4538,56012.42,12093,3.296
1496855701,30.6,32.773,100.4352,70435.65,12100,3.257
1496856601,31.4,30.868,100.4325,77786.37,11970,3.564
1496857501,24.35,46.045,100.4179,28121.21,12127,3.657
1496858401,31.95,40.776,100.4078,108858.63,12159,3.623
1496859301,23.91,46.068,100.4044,15165.16,12146,3.564
1496860201,33.82,22.372,100.4043,104690.81,12135,3.257
1496861101,33.39,24.152,100.4034,92597.26,12143,3.828
1496862001,33.82,22.057,100.3979,88420.16,12032,3.501
1496862901,32.49,25.67,100.4101,82197.18,12025,3.403
1496863801,32.89,36.329,100.4075,77165,12024,3.086
1496864701,34.28,35.72,100.4007,71873.15,12027,3.071
1496865601,31.65,31.393,100.3952,65796.69,12019,3.081
1496866501,33.42,25.223,100.3944,60209.92,12040,3.086
1496867401,31.55,23.603,100.4137,54433.95,12016,3.086
1496868301,31.41,30.752,100.428,49856.21,11998,3.086
1496869201,32.02,28.77,100.4395,41181.13,12105,3.071
1496870101,30.53,30.498,100.4616,38888.55,12107,3.071
1496871001,24.49,38.556,100.4534,7113.31,12508,3.521
1496871901,28.67,37.333,100.4611,28660.97,12456,3.135
1496872801,28.28,34.405,100.4658,24224.19,12456,3.145
1496873701,28.55,39.455,100.4784,19857.9,12457,3.193
1496874601,25.94,43.606,100.4735,15925.65,12340,3.179
1496875501,21.37,56.068,100.4834,4887.5,12561,3.11
1496876401,14.98,79.613,100.4764,3767.18,12591,3.213
1496877301,12.35,88.614,100.4875,3247.82,12406,3.447
1496878201,10.88,91.352,100.4957,2708.06,12770,3.735
1496879101,9.73,92.947,100.5272,2064.44,12840,3.779
1496880001,8.81,94.122,100.5309,1287.26,12409,3.579
1496880901,7.55,95.007,100.5318,547.18,12155,3.94
1496881801,6.49,95.772,100.5461,122.42,12628,3.784
1496882701,5.75,96.367,100.5611,11.13,12373,3.789
1496883601,5.27,96.795,100.5746,0,12350,3.564
1496884501,4.82,97.078,100.6045,0,12649,3.755
1496885401,4.37,97.287,100.6293,0,12618,4.092
1496886301,4.19,97.49,100.6453,0,12750,4.106
1496887201,3.9,97.669,100.6516,0,12732,4.106
1496888101,3.54,97.811,100.6587,0,13014,4.106
1496889001,3.31,97.95,100.6609,0,13078,4.111
1496889901,2.96,98.018,100.6638,0,13543,4.111
1496890801,2.88,98.161,100.6753,0,13505,4.111
1496891701,2.44,98.209,100.6747,0,13308,4.111
1496892601,2.19,98.28,100.691,0,13250,4.111
1496893501,2.04,98.36,100.6836,0,13462,4.111
1496894401,1.8,98.434,100.6759,0,13479,4.111
1496895301,1.78,98.472,100.663,0,13581,4.111
1496896201,1.53,98.52,100.6697,0,13461,4.111
1496897101,1.28,98.598,100.6672,0,13422,4.111
1496898001,1.27,98.662,100.6572,0,13256,4.111
1496898901,1.23,98.706,100.6536,0,13320,4.106
1496899801,1.07,98.742,100.6514,0,13142,4.111
1496900701,0.85,98.764,100.6501,0,13165,4.111
1496901601,0.75,98.825,100.6675,0,13126,4.111
1496902501,0.58,98.829,100.6557,0,13208,4.067
1496903401,0.52,98.869,100.6566,0,13182,3.169
1496904301,0.38,98.911,100.6561,0,13118,3.193
1496905201,0.2,98.931,100.6579,0,13190,3.242
1496906101,0.18,98.969,100.6547,0,13216,4.102
1496907001,-0.01,98.998,100.6472,0,13502,4.067
1496907901,-0.09,99.023,100.6406,0,13564,4.111
1496908801,-0.18,99.043,100.636,0,13610,3.892
1496909701,-0.24,99.083,100.6426,0,13605,3.604
1496910601,-0.33,99.103,100.6362,0,13652,3.613
1496911501,-0.37,99.137,100.6365,5.56,13688,3.794
1496912401,-0.42,99.145,100.6426,92.74,13712,4.111
1496913301,-0.31,99.192,100.6494,560.16,13680,3.975
1496914201,-0.01,99.229,100.6613,1587.74,13677,3.843
1496915101,0.52,99.291,100.673,2771.13,13658,3.96
1496916001,1.38,99.34,100.6711,3852.5,13662,3.931
1496916901,2.14,99.402,100.6839,4729.84,13581,3.73
1496917801,5.83,99.407,100.6886,14234.03,13598,3.75
1496918701,8.91,99.221,100.7064,20121.29,13673,3.833
1496919601,10.67,97.083,100.7143,12249.35,13680,3.813
1496920501,12.48,84.22,100.713,29797.98,13681,3.75
1496921401,14.9,77.71,100.7186,35201.13,13535,3.149
1496922301,16.75,72.277,100.7342,28443.95,13428,3.091
1496923201,18.64,69.946,100.74,34453.63,13076,3.228
1496924101,20.77,64.848,100.749,40494.84,13152,3.784
1496925001,20.04,64.943,100.7545,37566.05,13147,4.063
1496925901,21.77,59.54,100.7575,47070.24,13044,3.755
1496926801,24.3,50.676,100.7507,50236.45,13404,3.813
1496927701,26.16,50.671,100.7503,48500.32,13524,3.833
1496928601,26.85,42.623,100.7365,45159.76,13037,3.73
1496929501,27.91,46.684,100.7292,56435.32,13239,3.457
1496930401,28.44,42.83,100.7064,59423.47,13077,3.486
1496931301,26.5,42.476,100.6981,49416.61,13023,3.613
1496932201,27.62,41.6,100.6997,61448.95,13077,3.506
1496933101,32.18,30.863,100.6848,93111.05,13124,3.477
1496934001,31.27,36.465,100.6555,77901.37,12233,3.896
1496934901,34.63,36.257,100.6725,96976.53,12561,3.95
1496935801,34.97,36.633,100.6537,104586.94,13158,3.657
1496936701,36.05,28.673,100.6406,111631.61,13424,3.97
1496937601,34.98,33.158,100.6315,107118.79,13569,3.74
1496938501,36,30.62,100.6313,105892.74,13482,4.053
1496939401,34.81,28.305,100.5953,108291.05,13463,4.053
1496940301,35.87,23.232,100.594,108567.42,13484,4.077
1496941201,36.22,30.833,100.5727,111946.94,13247,4.082
1496942101,32.06,34.726,100.5436,56125.56,13363,4.082
1496943001,31.32,34.589,100.5333,67124.76,13463,4.082
1496943901,32.17,30.955,100.5174,57451.77,13379,4.092
1496944801,31,31.798,100.4859,52452.98,12894,4.087
1496945701,34.68,28.844,100.4791,95327.58,13332,4.092
1496946601,33.16,31.08,100.4876,63224.03,13229,4.087
1496947501,30.96,38.456,100.4712,42702.1,13222,4.092
1496948401,28.15,39.533,100.468,41001.21,13248,4.092
1496949301,26.85,46.437,100.4524,34883.95,13270,4.092
1496950201,26.84,41.801,100.4439,41088.39,13271,4.092
1496951101,23.95,51.903,100.4186,24418.95,13160,4.092
1496952001,22.63,54.595,100.3895,20295.65,13324,4.092
1496952901,22.09,58.517,100.3911,19550,13369,4.102
1496953801,21.66,49.087,100.3921,19451.69,13396,4.102
1496954701,21.03,56.585,100.3747,16873.47,13417,4.102
1496955601,20.11,62.154,100.3436,14048.55,13494,4.102
1496956501,20.36,49.459,100.3269,15851.45,13475,4.102
1496957401,20.41,54.662,100.3088,14495.56,13441,4.102
1496958301,19.27,58.826,100.2936,11156.85,13395,4.102
1496959201,18.45,52.85,100.2805,9717.5,13349,4.102
1496960101,17.74,65.905,100.2681,8419.11,13290,4.102
1496961001,17.05,68.424,100.2865,6365.81,13000,4.102
1496961901,16.26,75.68,100.2591,5022.9,11496,4.102
1496962801,15.41,79.502,100.2349,3038.23,13041,4.102
1496963701,14.72,82.985,100.2455,2750.73,13238,4.102
1496964601,13.6,87.293,100.2598,1661.94,13232,4.102
1496965501,12.68,90.093,100.2416,1101.77,13182,4.102
1496966401,11.99,92.253,100.2157,569.44,13230,4.102
1496967301,11.11,93.565,100.1868,159.52,13177,4.102
1496968201,10.37,94.455,100.1622,44.52,13571,4.048
1496969101,9.96,95.133,100.1522,3.71,13211,3.97
1496970001,9.68,95.72,100.1418,0,13607,4.102
1496970901,9.46,96.126,100.1228,0,13668,4.087
1496971801,9.19,96.399,100.1364,0,13928,4.106
1496972701,8.91,96.648,100.1372,0,13691,4.102
1496973601,8.47,96.866,100.1313,0,13690,4.102
1496974501,7.97,97.087,100.1094,0,13594,4.106
1496975401,8.16,97.302,100.1118,0,13688,4.106
1496976301,7.62,97.459,100.0598,0,13691,4.106
1496977201,6.21,97.507,100.0483,0,13490,4.106
1496978101,5.49,97.604,100.0162,0,13463,4.106
1496979001,6.47,97.866,99.988,0,13294,4.106
1496979901,7.73,98.012,99.9469,0,13221,4.106
1496980801,8.15,98.136,99.9265,0,13215,4.106
1496981701,8.32,98.262,99.9005,0,13212,4.106
1496982601,8.43,98.362,99.8821,0,13218,4.106
1496983501,8.58,98.449,99.8709,0,13218,4.106
1496984401,8.71,98.565,99.8521,0,13225,4.106
1496985301,8.94,98.658,99.8414,0,13227,4.106
1496986201,8.84,98.72,99.8212,0,13224,4.106
1496987101,8.98,98.787,99.7871,0,13352,4.106
1496988001,8.92,98.869,99.7829,0,13384,4.106
1496988901,8.84,98.927,99.7669,0,13367,4.106
1496989801,9,99.016,99.7316,0,13355,4.106
1496990701,8.48,99.037,99.7292,0,13332,4.106
1496991601,8.97,99.107,99.702,0,13272,4.106
1496992501,8.77,99.147,99.6563,0,13287,4.106
1496993401,9.09,99.197,99.6503,0,13305,4.106
1496994301,9.48,99.245,99.6191,0,13310,4.106
1496995201,9.7,99.294,99.6133,0,13316,4.106
1496996101,10.05,99.321,99.5986,0,13323,4.106
1496997001,10.18,99.337,99.5893,0,13355,4.106
1496997901,9.85,99.348,99.5786,3.71,13362,4.106
1496998801,8.66,99.326,99.5617,51.94,13367,4.106
1496999701,7.53,99.358,99.5681,350.56,13376,4.106
1497000601,6.56,99.372,99.5753,957.1,13459,4.106
1497001501,9.43,99.479,99.5833,2735.89,13360,4.106
1497002401,9.85,99.38,99.5735,4358.87,13351,4.106
1497003301,7.85,98.993,99.5626,3598.39,13332,4.106
1497004201,9.1,98.201,99.5701,10529.92,13353,4.106
1497005101,12.32,90.913,99.585,15664.11,13332,4.111
1497006001,14.26,79.8,99.5741,14558.63,13290,4.111
1497006901,15.61,76.724,99.5654,20095.32,13308,4.106
1497007801,17.59,70.281,99.5612,24059.11,13317,4.106
1497008701,19.16,68.129,99.5713,28200.97,13282,4.106
1497009601,20.91,62.532,99.5711,32873.31,13146,4.106
1497010501,21.98,52.484,99.5834,39253.95,13140,4.106
1497011401,23.14,41.085,99.6028,43451.45,13340,4.102
1497012301,24.08,43.3,99.595,49117.98,13247,4.102
1497013201,25.87,40.609,99.5956,55225.97,13179,4.102
1497014101,28.54,40.438,99.598,65216.13,13141,4.102
1497015001,22.8,45.254,99.5976,36414.19,13002,4.092
1497015901,27.24,34.909,99.597,45751.45,12818,4.102
1497016801,24.77,42.166,99.586,41487.18,12915,4.102
1497017701,24.69,44.64,99.5863,47042.42,12878,4.102
1497018601,27.79,36.484,99.5887,44187.82,12986,4.102
1497019501,26.68,39.041,99.5931,44189.68,12921,4.102
1497020401,25.94,37.952,99.6001,43150.97,12949,4.102
1497021301,26.15,34.277,99.6022,55869.6,12943,4.102
1497022201,29.03,37.524,99.6028,78162.9,12892,4.102
1497023101,34.94,33.608,99.5836,55018.23,12568,4.092
1497024001,31.7,37.434,99.5863,103318.23,12936,3.989
1497024901,32.01,36.409,99.5775,63394.68,12865,4.082
1497025801,32.71,35.458,99.568,98478.95,12786,4.082
1497026701,34.44,31.643,99.5561,90104.35,12626,4.023
1497027601,32.26,31.018,99.5527,99300.65,12696,4.004
1497028501,34.24,36.552,99.5072,91643.87,12749,4.004
1497029401,32.85,30.305,99.5036,91421.29,12731,4.004
1497030301,28.93,35.28,99.4906,58342.1,12729,4.004
1497031201,32.14,38.659,99.4758,81011.94,12840,4.004
1497032101,33.7,30.745,99.4993,89748.23,12828,4.004
1497033001,33.24,34.33,99.4881,91885,12823,4.004
1497033901,35.69,30.867,99.4735,85420.89,12837,4.004
1497034801,34.94,31.736,99.4656,83317.5,12839,4.004
1497035701,32.23,32.589,99.483,67390,12840,4.004
1497036601,35.41,33.201,99.5104,79617.1,12839,4.004
1497037501,32.93,31.041,99.496,76120.73,12727,4.004
1497038401,32.76,31.481,99.5049,63077.5,12727,4.004
1497039301,33.6,33.87,99.5392,55353.95,12733,4.004
1497040201,26.48,38.294,99.547,25479.92,12763,4.004
1497041101,30.97,30.32,99.553,48107.1,12766,3.999
1497042001,31.02,37.643,99.559,41515,12812,4.004
1497042901,30.99,37.041,99.5511,36800,12815,4.004
1497043801,30.41,37.823,99.5442,32350.24,12826,3.999
1497044701,31.08,32.38,99.5468,28056.29,12850,4.004
1497045601,30.95,40.618,99.5573,23814.27,12845,3.994
1497046501,29.09,37.758,99.5653,20353.15,12862,3.989
1497047401,27.03,38.386,99.5944,15738.31,12887,3.975
1497048301,22.57,56.456,99.6239,5308.55,12935,3.994
1497049201,19.3,69.672,99.6365,4165.97,12970,3.916
1497050101,16.99,77.57,99.6483,3262.66,12868,4.009
1497051001,15.66,84.138,99.6863,3106.85,12725,3.916
1497051901,13.91,88.993,99.7125,2186.85,12493,3.901
1497052801,12.32,91.315,99.7318,1378.15,12413,3.887
1497053701,10.91,92.993,99.7501,569.44,12661,3.911
1497054601,9.75,94.345,99.7705,126.13,12341,3.892
1497055501,8.97,95.263,99.7965,12.98,12455,3.901
1497056401,8.49,95.945,99.8234,0,12839,3.931
1497057301,8.07,96.39,99.8631,0,12938,3.999
1497058201,7.75,96.75,99.8964,0,12965,3.97
1497059101,7.41,96.994,99.9247,0,12868,4.004
1497060001,7.08,97.219,99.9546,0,12687,3.901
1497060901,6.75,97.404,99.9871,0,12670,3.848
1497061801,6.52,97.587,100.0068,0,12675,3.11
1497062701,6.18,97.769,100.0203,0,12891,3.496
1497063601,5.77,97.859,100.0387,0,12943,3.794
1497064501,5.5,97.979,100.0295,0,13179,3.813
1497065401,5.29,98.102,100.0503,0,13166,4.004
1497066301,5.05,98.197,100.0599,0,13207,4.004
1497067201,5.05,98.292,100.0832,0,13245,4.009
1497068101,5.19,98.375,100.08,0,13237,3.994
1497069001,5.13,98.471,100.0991,0,13141,3.975
1497069901,5.02,98.55,100.1099,0,13033,3.95
1497070801,4.93,98.604,100.1306,0,13105,3.965
1497071701,4.81,98.707,100.14,0,13152,4.102
1497072601,4.61,98.735,100.1551,0,13216,4.048
1497073501,4.63,98.804,100.1622,0,13217,4.048
1497074401,4.65,98.851,100.1729,0,13242,4.028
1497075301,4.56,98.905,100.188,0,13488,4.028
1497076201,4.42,98.958,100.1917,0,13521,4.033
1497077101,4.11,98.984,100.2025,0,13559,4.072
1497078001,4.13,99.063,100.2084,0,13341,4.048
1497078901,3.96,99.099,100.2053,0,13161,4.048
1497079801,3.84,99.135,100.2129,0,12972,4.053
1497080701,3.84,99.165,100.2114,0,13121,4.053
1497081601,3.79,99.199,100.2205,0,13203,4.053
1497082501,3.7,99.242,100.2281,0,13143,4.053
1497083401,3.61,99.273,100.2361,0,13132,4.048
1497084301,3.52,99.304,100.2445,5.56,12919,4.053
1497085201,3.56,99.334,100.2633,81.61,12721,4.053
1497086101,3.69,99.385,100.2853,478.55,12745,4.053
1497087001,4.13,99.424,100.3007,1515.4,12726,4.048
1497087901,4.97,99.467,100.3219,2887.98,12789,4.048
1497088801,5.92,99.502,100.3331,4293.95,12793,4.053
1497089701,6.99,99.546,100.3497,5625.73,12798,4.053
1497090601,9.64,99.485,100.3589,14126.45,12808,4.053
1497091501,11.91,98.961,100.3761,18446.37,12840,4.053
1497092401,14.4,94.561,100.3803,14962.98,12948,4.053
1497093301,16.55,80.808,100.388,26212.58,13170,4.053
1497094201,18.2,74.928,100.4082,23385.81,13053,4.053
1497095101,19.89,73.5,100.4418,27106.61,13263,4.023
1497096001,21.94,70.141,100.4574,32487.5,13329,4.072
1497096901,24.08,62.82,100.4786,37545.65,13824,3.926
1497097801,25.87,58.569,100.4824,42316.29,13240,3.916
1497098701,28.11,57.208,100.4966,47635.97,13173,3.936
1497099601,29.86,52.951,100.4895,52820.24,13615,3.965
1497100501,31.84,48.376,100.5108,58544.27,13351,3.975
1497101401,34.29,42.549,100.5063,66317.9,12653,3.975
1497102301,33.23,45.927,100.5191,69432.18,13201,3.96
1497103201,34.44,36.962,100.5415,80700.32,13225,3.975
1497104101,34.81,38.989,100.5448,81614.76,13507,3.926
1497105001,35.42,33.435,100.5273,81651.85,13402,4.023
1497105901,36.75,37.452,100.5307,84467.5,13490,4.077
1497106801,36.86,28.958,100.5282,89388.39,12719,4.092
1497107701,39.22,27.037,100.5245,84964.6,12883,4.092
1497108601,32.5,38.205,100.5155,30719.84,13058,4.092
1497109501,38.1,35.327,100.5237,107317.26,12995,4.092
1497110401,38.9,28.311,100.4914,100966.29,12468,4.092
1497111301,36.84,33.62,100.4654,100252.18,12733,4.092
1497112201,34.3,41.705,100.457,36328.87,13144,4.092
1497113101,36.65,34.667,100.4873,113916.77,13157,4.092
1497114001,39.31,30.381,100.4574,107931.21,13087,4.092
1497115801,33.26,36.66,100.4438,34577.9,13114,4.092
1497116701,32.25,41.345,100.4355,36812.98,12523,4.102
1497117601,32.8,40.921,100.4488,28314.11,12271,4.102
1497118501,37.99,30.284,100.4385,101144.35,12568,4.102
1497119401,38.93,33.655,100.4142,88676.13,12561,4.102
1497120301,32.28,38.198,100.3798,30866.37,12583,4.092
1497121201,35.69,35.911,100.3782,25457.66,12582,4.102
1497122101,35.81,32.869,100.3781,52900,12640,4.102
1497123001,35.78,29.508,100.3871,75883.31,12606,4.102
1497123901,30.06,54.964,100.3673,26641.05,12588,4.102
1497124801,39.54,28.033,100.3748,71316.69,12851,4.092
1497125701,38.1,32.68,100.37,63357.58,12853,4.102
1497126601,37.1,26.959,100.3575,54908.79,12850,4.092
1497127501,37.36,38.108,100.3615,48160.89,12858,4.102
1497128401,36.15,33.08,100.3548,43807.58,12857,4.102
1497129301,27.82,48.659,100.3352,5967.02,13219,4.102
1497130201,32.24,45.426,100.32,14590.16,12630,4.102
1497131101,27.78,48.129,100.3194,15994.27,12663,4.102
1497132001,29.16,49.431,100.3159,20679.6,12621,4.082
1497132901,31.06,38.417,100.3351,23133.55,12662,4.033
1497133801,28.75,51.51,100.3627,15591.77,12738,4.023
1497134701,27.51,53.656,100.3655,9272.34,12792,3.97
1497135601,23.94,56.65,100.3862,6015.24,12703,4.106
1497136501,22.5,59.705,100.4098,4857.82,12679,4.102
1497137401,21.28,64.92,100.4263,3655.89,12435,4.033
1497138301,20.32,68.874,100.445,2875,11196,3.989
1497139201,19.66,77.25,100.4589,1496.85,11296,3.984
1497140101,16.68,86.474,100.4653,593.55,11380,4.053
1497141001,14.62,90.719,100.4794,126.13,11788,3.97
1497141901,13.22,93.241,100.5065,12.98,12428,3.95
1497142801,12.46,94.625,100.5193,0,11940,3.97
1497143701,11.95,95.363,100.5418,0,12148,4.106
1497144601,11.58,95.898,100.5494,0,12517,3.955
1497145501,11.33,96.331,100.5631,0,12439,3.97
1497146401,11.07,96.673,100.5786,0,12515,3.965
1497147301,10.95,96.96,100.592,0,12527,3.989
1497148201,10.79,97.174,100.5866,0,12548,4.004
1497149101,10.65,97.392,100.5932,0,12586,3.994
1497150001,10.39,97.594,100.5896,0,12591,4.009
1497150901,10.21,97.757,100.579,0,12602,4.102
1497151801,9.95,97.896,100.5698,0,12698,4.102
1497152701,9.67,98.015,100.5702,0,12670,4.102
1497153601,9.48,98.144,100.5828,0,12494,4.102
1497154501,9.52,98.259,100.601,0,12048,4.102
1497155401,9.59,98.384,100.6052,0,11847,4.102
1497156301,9.07,98.461,100.6068,0,11728,4.102
1497157201,8.87,98.536,100.6013,0,12009,4.102
1497158101,8.74,98.633,100.5974,0,12355,4.106
1497159001,8.65,98.733,100.6221,0,12506,4.111
1497159901,8.48,98.811,100.6385,0,12570,4.111
1497160801,8.41,98.882,100.6415,0,12818,4.111
1497161701,8.34,98.962,100.6349,0,12655,4.111
1497162601,8.27,99.034,100.6404,0,12754,4.106
1497163501,8.08,99.085,100.6216,0,12807,4.106
1497164401,7.84,99.151,100.609,0,12727,4.111
1497165301,7.77,99.201,100.5978,0,12617,4.092
1497166201,7.74,99.267,100.583,0,12566,4.067
1497167101,7.74,99.299,100.5814,0,12621,4.063
1497168001,7.71,99.366,100.5756,0,12624,4.048
1497168901,7.65,99.396,100.5887,0,12917,4.048
1497169801,7.71,99.454,100.6053,0,12944,4.048
1497170701,7.75,99.505,100.617,5.56,13062,4.048
1497171601,7.81,99.531,100.6281,76.05,13080,4.033
1497172501,7.96,99.574,100.6413,422.9,13029,4.033
1497173401,8.27,99.605,100.6583,1315.08,12982,4.033
1497174301,8.98,99.668,100.6713,2830.48,12948,4.033
1497175201,10,99.685,100.6875,4247.58,12938,4.033
1497176101,11.05,99.708,100.7011,5445.81,12920,4.033
1497177001,12.65,99.69,100.7088,10127.42,12880,4.033
1497177901,15.46,98.176,100.7158,17426.21,12858,4.033
1497178801,17.51,92.764,100.7069,15793.95,12833,4.043
1497179701,19.55,79.313,100.7062,9404.03,12760,4.033
1497180601,20.94,74.944,100.7165,22872.02,12686,4.033
1497181501,22.82,70.211,100.7022,27568.47,12734,4.033
1497182401,25.1,64.778,100.6941,32418.87,12689,4.106
1497183301,27.36,61.792,100.6853,38751.29,12230,4.102
1497184201,30.42,58.003,100.6916,50158.55,10093,4.106
1497185101,33.05,50.257,100.6821,44538.39,12826,3.989
1497186001,30,59.308,100.6911,31287.42,12832,3.945
1497186901,28.84,61.787,100.6851,32222.26,12882,3.945
1497187801,29.2,54.346,100.6908,28761.13,12831,3.945
1497188701,32.12,53.064,100.6916,46144.68,10904,3.945
1497189601,32.81,48.952,100.6874,49579.84,12818,3.916
1497190501,35.87,44.38,100.6751,52234.11,12015,4.009
1497191401,32.74,48.611,100.668,46630.65,12436,3.999
1497192301,39.57,34.805,100.6758,86543.06,13037,4.014
1497193201,36.61,41.856,100.6678,42282.9,13118,3.97
1497194101,35.63,43.708,100.6694,46498.95,13037,3.965
1497195001,33.06,53.565,100.6594,39571.13,13003,3.965
1497195901,35.73,41.87,100.6438,57145.73,12775,3.965
1497196801,39.06,43.167,100.6307,70674.92,12971,3.96
1497197701,36.33,49.108,100.6186,56268.39,12943,3.96
1497198601,36.66,39.461,100.6205,73303.23,12950,3.96
1497199501,37.05,46.439,100.6008,67953.87,13017,3.945
1497200401,37.29,41.464,100.5701,69443.31,13000,3.95
1497201301,42.12,33.224,100.5578,100428.39,12852,3.799
1497202201,43.64,27.876,100.5334,113825.89,12027,3.726
1497203101,42.72,27.195,100.5204,105377.1,12783,4.077
1497204001,39.92,29.362,100.4797,103336.77,12678,4.028
1497204901,42.17,27.375,100.4725,100617.58,12709,4.028
1497205801,42.4,27.104,100.4618,92597.26,12753,4.028
1497206701,41.48,25.88,100.4545,92241.13,12696,4.028
1497207601,41.78,28.014,100.478,77869.84,12671,4.028
1497208501,41.17,32.874,100.4543,76756.94,12617,4.028
1497209401,37.21,33.869,100.459,48865.73,12716,4.023
1497210301,40.1,33.092,100.4643,75350.97,12783,4.023
1497211201,41.47,28.68,100.4454,67254.6,12682,4.028
1497212101,39.22,31.468,100.4257,60145,12722,4.023
1497213001,39.12,36.519,100.4191,54721.45,12833,4.028
1497213901,39.9,42.131,100.4028,49477.82,12827,4.028
1497214801,37.25,42.625,100.3912,35800.24,13087,4.028
1497215701,36.04,35.647,100.3904,33541.05,13070,4.028
1497216601,37.24,42.263,100.3912,32131.37,12897,4.028
1497217501,37.22,36.44,100.3735,30035.4,12914,4.028
1497218401,36,41.125,100.3693,24376.29,13034,4.023
1497219301,36.29,44.329,100.3851,24673.06,12924,4.023
1497220201,35.81,43.817,100.3683,20985.65,12934,4.028
1497221101,31.36,49.601,100.3438,9005.24,12984,4.028
1497222001,26.71,59.878,100.3379,5421.69,13218,4.092
1497222901,25.39,66.038,100.3433,4138.15,12956,4.014
1497223801,23.58,75.608,100.3342,3268.23,12320,3.999
1497224701,21.77,80.166,100.346,2468.79,12559,4.009
1497225601,20.25,87.458,100.3619,1571.05,12759,4.063
1497226501,20.69,84.804,100.3612,719.68,12844,4.019
1497227401,18.84,90.164,100.3686,152.1,12808,4.106
1497228301,16.55,93.552,100.3744,11.13,13305,4.102
1497229201,15.7,95.309,100.3988,0,13359,4.102
1497230101,15.23,96.027,100.4105,0,13443,4.111
1497231001,14.29,96.303,100.4235,0,13442,4.111
1497231901,13.62,96.604,100.4411,0,13233,4.106
1497232801,13.25,96.915,100.4348,0,13281,4.106
1497233701,13.07,97.21,100.4387,0,13317,4.106
1497234601,12.96,97.458,100.4529,0,13304,4.106
1497235501,12.78,97.66,100.4362,0,13409,4.106
1497236401,12.75,97.835,100.4369,0,13362,4.102
1497237301,13.28,98.075,100.4385,0,13043,4.033
1497238201,12.95,98.217,100.4406,0,13035,4.033
1497239101,12.67,98.371,100.4508,0,13008,4.028
1497240001,12.3,98.474,100.4546,0,13092,4.028
1497240901,12.11,98.581,100.455,0,13101,4.028
1497241801,12.02,98.67,100.4377,0,13091,4.033
1497242701,11.78,98.77,100.4556,0,13115,4.043
1497243601,11.67,98.875,100.4509,0,12927,4.043
1497244501,11.6,98.945,100.4499,0,13302,4.053
1497245401,11.43,99.013,100.4328,0,13382,4.043
1497246301,11.25,99.092,100.4235,0,13228,4.028
1497247201,11.21,99.17,100.42,0,13231,4.058
1497248101,11.09,99.241,100.4292,0,13229,4.053
1497249001,11.05,99.297,100.4267,0,13422,4.043
1497249901,10.95,99.382,100.4239,0,13499,4.033
1497250801,10.74,99.431,100.4263,0,13518,4.014
1497251701,10.69,99.474,100.418,0,13580,4.014
1497252601,10.49,99.525,100.4308,0,13539,4.009
1497253501,10.46,99.575,100.4425,0,13686,4.106
1497254401,10.41,99.638,100.4523,0,13705,4.106
1497255301,10.32,99.67,100.4739,0,13743,4.106
1497256201,10.04,99.726,100.4867,0,13827,4.106
1497257101,9.85,99.779,100.5098,3.71,13909,3.989
1497258001,9.78,99.829,100.528,63.06,13785,3.999
1497258901,9.79,99.852,100.5328,450.73,13593,4.004
1497259801,10.19,99.878,100.5442,1396.69,13549,4.014
1497260701,10.71,99.9,100.5459,2889.84,13547,4.014
1497261601,11.68,99.926,100.5683,4219.76,13611,4.019
1497262501,12.56,99.931,100.5998,5408.71,13702,4.019
1497263401,14.73,99.835,100.6025,12510.89,13748,4.019
1497264301,17.27,99.046,100.6121,8127.9,13838,4.019
1497265201,19.12,96.031,100.6185,15693.79,13913,4.023
1497266101,21.76,80.075,100.6094,10392.66,14058,4.023
1497267001,23.3,76.202,100.5964,22888.71,13978,4.023
1497267901,24.95,69.969,100.6085,26704.11,14005,4.023
1497268801,27.1,66.424,100.6132,30853.39,13785,4.004
1497269701,28.9,65.494,100.6163,34741.13,13745,3.965
1497270601,30.9,59.129,100.5978,38154.03,13601,3.999
1497271501,32.46,55.23,100.595,41804.35,13236,4.058
1497272401,34.13,52.5,100.596,45113.39,13751,4.102
1497273301,35.43,48.768,100.5853,49060.48,13684,4.092
1497274201,36.31,45.26,100.5793,52510.48,13857,4.072
1497275101,37.08,45.325,100.5653,56687.58,13813,4.067
1497276001,37.89,39.157,100.5536,61105.81,13553,4.077
1497276901,39.1,38.276,100.5498,65101.13,13646,4.087
1497277801,38.76,34.755,100.5398,68580.81,13692,4.092
1497278701,41.19,35.787,100.533,71830.48,13719,4.092
1497279601,41.1,33.812,100.5322,75692.26,13465,4.023
1497280501,40.95,34.531,100.534,79194.19,13834,3.97
1497281401,42.26,26.136,100.5299,82696.13,13796,3.96
1497282301,42.43,32.112,100.521,86186.94,13795,3.965
1497283201,41.7,30.113,100.5121,89549.76,13772,3.965
1497284101,42.58,26.866,100.5181,89137.98,13709,3.936
1497285001,42.41,30.242,100.4925,91912.82,13568,3.975
1497285901,42.88,29.194,100.4516,92673.31,13341,4.014
1497286801,44.29,23.776,100.4507,94606.05,12646,4.014
1497287701,43.44,25.645,100.4233,97872.42,12652,4.023
1497288601,45.88,30.038,100.3927,96395.97,12515,4.023
1497289501,42.39,33.989,100.3631,96414.52,12602,4.028
1497290401,45.37,28.849,100.3506,96199.35,12961,4.028
1497291301,43.97,31.197,100.3279,93763.95,13020,4.028
1497292201,41.8,29.93,100.3138,89866.94,13093,4.028
1497293101,44.41,30.466,100.2843,85226.13,13154,4.028
1497294001,45.15,28.574,100.2777,83532.66,13116,4.028
1497294901,41.76,26.204,100.2476,76955.4,13183,4.028
1497295801,44.08,33.127,100.2358,74762.98,13180,4.028
1497296701,43.8,29.251,100.2358,69649.19,13152,4.028
1497297601,43.2,26.711,100.2229,64379.6,13141,4.028
1497298501,41.16,26.454,100.2175,59039.52,13163,4.028
1497299401,41.89,31.011,100.2,54114.92,13166,4.028
1497300301,41.93,37.353,100.1685,48372.34,13207,4.028
1497301201,40.19,36.979,100.1564,43412.5,13225,4.028
1497302101,38.28,32.048,100.1321,37946.29,13179,4.028
1497303001,38.58,39.872,100.148,33357.42,13112,4.023
1497303901,38.87,38.034,100.1548,28373.47,13098,4.028
1497304801,37.42,43.446,100.1535,23626.94,13112,4.023
1497305701,36.1,44.077,100.1565,19613.06,13191,4.072
1497306601,34.67,48.631,100.1527,15523.15,13193,4.028
1497307501,30.92,57.244,100.1452,7154.11,13090,4.023
1497308401,25.21,77.86,100.1311,5202.82,12860,4.102
1497309301,23.65,83.263,100.1494,4436.77,13066,4.102
1497310201,22.38,88.387,100.1599,3592.82,13107,4.067
1497311101,21.15,90.197,100.1568,2580.08,13210,4.106
1497312001,19.82,91.843,100.1588,1550.65,13132,4.106
1497312901,18.43,93.087,100.1508,675.16,12989,4.106
1497313801,17.12,94.319,100.1509,150.24,12058,4.106
1497314701,16.29,95.392,100.1515,18.55,12334,4.106
1497315601,15.86,96.141,100.1587,0,12660,4.106
1497316501,15.37,96.527,100.1671,0,12768,4.106
1497317401,14.98,96.889,100.1698,0,12807,4.106
1497318301,14.75,97.222,100.1855,0,12824,4.072
1497319201,14.51,97.477,100.1934,0,12807,4.072
1497320101,14.57,97.759,100.1938,0,12789,4.077
1497321001,14.18,97.957,100.2025,0,12794,4.106
1497321901,13.85,98.091,100.2043,0,12807,4.106
1497322801,13.61,98.255,100.1868,0,12889,4.106
1497323701,13.44,98.381,100.2009,0,12881,4.077
1497324601,13.27,98.516,100.2045,0,13073,4.106
1497325501,13.15,98.641,100.207,0,13110,4.106
1497326401,12.96,98.739,100.1994,0,12958,4.077
1497327301,12.82,98.849,100.2024,0,12933,4.077
1497328201,12.74,98.962,100.195,0,12951,4.106
1497329101,12.65,99.139,100.2089,0,13015,4.111
1497330001,12.33,99.162,100.2146,0,13032,4.111
1497330901,12.22,99.257,100.2009,0,13060,4.106
1497331801,13.66,99.627,100.2214,0,13048,4.111
1497332701,12.58,99.597,100.2134,0,13032,4.106
1497333601,12.11,99.666,100.2114,0,13088,4.106
1497334501,11.92,99.73,100.2283,0,12942,4.111
1497335401,11.8,99.791,100.2363,0,12891,4.111
1497336301,11.61,99.834,100.2377,0,12764,4.111
1497337201,11.3,99.881,100.2165,0,12777,4.102
1497338101,11.08,99.93,100.2035,0,12762,4.082
1497339001,11.01,99.989,100.1856,0,12791,4.106
1497339901,10.72,100,100.1913,0,12817,4.106
1497340801,10.75,100,100.1953,0,12916,4.106
1497341701,10.68,100,100.2014,0,12957,4.106
1497342601,10.55,100,100.2025,0,12945,4.106
1497343501,10.63,100,100.2181,7.42,13040,4.106
1497344401,10.48,100,100.2295,113.15,13116,4.106
1497345301,10.6,100,100.2337,498.95,13186,4.111
1497346201,10.83,100,100.2288,1650.81,13141,4.106
1497347101,11.45,100,100.225,3106.85,13119,4.106
1497348001,12.38,100,100.2332,4629.68,13146,4.111
1497348901,13.35,100,100.2349,5991.13,13185,4.106
1497349801,15.71,100,100.2457,14890.65,13192,4.106
1497350701,17.64,100,100.255,8458.06,13202,4.106
1497351601,18.74,99.583,100.2559,17889.92,13200,4.106
1497352501,21.61,94.595,100.2442,23586.13,13115,4.106
1497353401,23.52,79.405,100.2298,24172.26,13077,4.106
1497354301,25.29,74.03,100.2281,26626.21,12750,4.106
1497355201,27.58,69.891,100.2273,30897.9,13087,4.106
1497356101,29.26,65.636,100.233,34969.27,13028,4.106
1497357001,31.14,60.807,100.2365,39103.71,13179,4.106
1497357901,32.79,58.547,100.2283,43445.89,13170,3.931
1497358801,33.68,55.481,100.2303,48756.29,12891,3.931
1497359701,36.05,52.361,100.2174,53400.81,12306,3.97
1497360601,35.61,45.807,100.2137,57142.02,12435,4.102
1497361501,35.93,40.434,100.2058,61191.13,12400,3.926
1497362401,37.58,38.722,100.1795,66690.73,12836,4.077
1497363301,38.01,37.975,100.1719,71094.11,12812,4.077
1497364201,39.25,36.013,100.1594,73299.52,12763,4.077
1497365101,40.48,36.626,100.1618,80167.98,12358,4.077
1497366001,39.72,40.098,100.1393,86261.13,12585,4.072
1497366901,41.8,39.252,100.1281,90510.56,12314,4.072
1497367801,36.65,41.802,100.1161,67428.95,12333,4.072
1497368701,36.54,46.434,100.097,86424.35,12409,4.077
1497369601,42.24,32.925,100.1089,96982.1,12385,4.072
1497370501,41.57,42.553,100.0819,97362.34,12436,4.072
1497371401,43.9,26.276,100.0484,92478.55,12046,4.072
1497372301,41.6,30.201,100.0243,88086.29,12204,4.072
1497373201,44.73,35.797,100.0247,100215.08,12088,4.072
1497374101,44.14,28.465,100.0164,102086.61,12175,4.072
1497375001,40.07,36.44,99.9964,55485.65,12302,4.072
1497375901,37.15,41.695,99.9988,43358.71,12380,4.072
1497376801,35.34,51.284,99.9597,27425.65,12364,4.077
1497377701,44.2,29.158,99.952,88965.48,12451,4.077
1497378601,38.44,43.904,99.9265,41387.02,12422,4.077
1497379501,43.36,38.214,99.9242,83677.34,12411,4.077
1497380401,42.52,35.64,99.9085,68232.1,12457,4.072
1497381301,41.18,47.311,99.8899,39074.03,12439,4.077
1497382201,40.12,35.152,99.8898,73366.29,12658,4.077
1497383101,39.89,35.076,99.8572,53745.81,12686,4.077
1497384001,38.73,42.786,99.8418,51839.03,12729,4.077
1497384901,39.4,43.526,99.8282,48036.61,12740,4.077
1497385801,37.44,46.757,99.8176,38838.47,13050,4.077
1497386701,36.55,46.935,99.8085,28306.69,13207,4.077
1497387601,31.63,64.136,99.8041,9639.6,13075,4.077
1497388501,28.89,73.563,99.8144,17845.4,13102,4.077
1497389401,30.45,68.954,99.8151,20282.66,13380,4.077
1497390301,29.97,72.249,99.799,18318.39,13357,4.058
1497391201,29.94,73.631,99.7844,13482.82,13547,4.067
1497392101,28.29,79.939,99.8114,8754.84,13636,4.033
1497393001,28.37,79.252,99.8319,11854.27,13562,4.058
1497393901,31.66,70.874,99.8283,16808.55,13688,4.058
1497394801,29.74,76.063,99.8111,11383.15,13682,4.058
1497395701,27.76,81.485,99.8267,7556.61,13700,4.028
1497396601,25.39,87.922,99.8457,3952.66,13546,4.004
1497397501,22.94,90.413,99.8735,2333.39,12727,3.975
1497398401,21.04,92.567,99.8942,1361.45,12308,3.989
1497399301,19.36,93.591,99.9054,606.53,12522,4.023
1497400201,18.22,94.949,99.9144,142.82,12602,3.989
1497401101,17.81,95.95,99.9296,14.84,12570,4.067
1497402001,17.49,96.572,99.944,0,12683,4.106
1497402901,17.26,97.026,99.9643,0,12739,4.106
1497403801,17.46,97.52,99.9927,0,13068,4.106
1497404701,17.04,97.78,100.0103,0,13077,4.106
1497405601,16.8,98.065,100.0206,0,13102,4.106
1497406501,16.77,98.245,100.05,0,13157,4.106
1497407401,17.33,98.403,100.0739,0,13190,4.106
1497408301,17.93,98.733,100.0904,0,13191,4.106
1497409201,18.05,98.846,100.1147,0,13198,4.106
1497410101,19.43,99.152,100.1063,0,13240,4.106
1497411001,17.99,99.24,100.1307,0,13293,4.106
1497411901,18.5,99.353,100.1117,0,13308,4.106
1497412801,18.08,99.434,100.1096,0,13339,4.106
1497413701,17.3,99.556,100.1283,0,13326,4.106
1497414601,18.93,99.734,100.1287,0,13339,4.106
1497415501,19.16,99.689,100.1335,0,13351,4.106
1497416401,19.03,99.812,100.1499,0,13358,4.106
1497417301,19.13,99.91,100.1487,0,13363,4.106
1497418201,18.42,100,100.133,0,13353,4.106
1497419101,17.3,100,100.1452,0,13347,4.106
1497420001,17.01,100,100.1431,0,13404,4.106
1497420901,16.25,100,100.1425,0,13315,4.111
1497421801,16.82,100,100.1513,0,13295,4.106
1497422701,17.35,100,100.1834,0,13310,4.106
1497423601,17.2,100,100.1905,0,13339,4.106
1497424501,17.61,100,100.194,0,13357,4.106
1497425401,16.88,100,100.2083,0,13394,4.106
1497426301,16.33,100,100.1912,0,13439,4.106
1497427201,16,100,100.2027,0,13488,4.106
1497428101,15.78,100,100.2107,0,13425,4.102
1497429001,15.27,100,100.2181,0,13306,4.063
1497429901,14.4,100,100.2308,3.71,13337,3.975
1497430801,12.83,100,100.074,48.23,13251,3.975
1497431701,11.72,100,99.9529,409.92,13509,3.975
1497432601,11.14,100,99.8652,1213.06,13209,3.931
1497433501,11.29,100,100.0133,2509.6,13520,3.955
1497434401,11.91,100,100.2633,3082.74,13614,3.96
1497435301,12.02,100,100.3284,4130.73,13655,3.481
1497436201,13.13,100,100.6798,9543.15,13694,3.931
1497437101,15.91,100,100.4039,7302.5,13715,3.965
1497438001,17.33,100,100.434,11637.26,13776,3.965
1497438901,18.98,100,100.4611,22651.29,13747,3.965
1497439801,21.23,98.765,100.4752,27700.16,13784,3.965
1497440701,23.19,92.232,100.4696,25309.27,13868,3.374
1497441601,23.48,66.858,100.4713,26008.55,13929,3.364
1497442501,25.38,60.944,100.4764,35854.03,13881,3.364
1497443401,25.97,47.732,100.4856,41589.19,14217,3.369
1497444301,28.09,54.693,100.5089,46118.71,14589,3.354
1497445201,28.3,45.125,100.5379,51761.13,14553,3.286
1497446101,31.29,35.291,100.5358,57856.13,14125,3.97
1497447001,31.35,41.817,100.5314,60701.45,14013,3.94
1497447901,32.12,41.887,100.5465,65080.73,13840,3.936
1497448801,32.98,35.526,100.5226,73579.6,13659,3.936
1497449701,33.95,33.698,100.5263,80359.03,14110,3.94
1497450601,35.09,34.503,100.5202,85068.47,13774,3.931
1497451501,36.78,30.975,100.5291,88711.37,12973,4.087
1497452401,34.91,27.321,100.5281,93396.69,12688,3.911
1497453301,37.57,31.028,100.5325,97499.6,12163,3.916
1497454201,36.86,30.676,100.5199,95763.47,11817,3.872
1497455101,36.86,28.63,100.4992,103218.06,11211,3.882
1497456001,39.63,23.963,100.4907,105978.06,12188,3.911
1497456901,41.11,26.439,100.4941,108565.56,12829,4.077
1497457801,37.58,28.359,100.4707,103806.05,12981,4.063
1497458701,38.66,22.549,100.4612,95066.05,12988,4.063
1497459601,37.9,27.452,100.4455,104230.81,12986,4.063
1497460501,39.47,25.721,100.4243,103653.95,12983,4.063
1497461401,39.26,24.204,100.4095,96119.6,12961,3.647
1497462301,39.5,31.181,100.4012,100432.1,12953,3.652
1497463201,38.9,27.17,100.3838,102806.29,12944,3.647
1497464101,38,22.599,100.3789,96670.48,12959,3.647
1497465001,38.81,21.027,100.3757,95965.65,12984,3.647
1497465901,41.19,18.306,100.3698,91421.29,12996,3.647
1497466801,40.16,22.339,100.382,86257.42,13024,3.643
1497467701,39.79,20.67,100.374,82247.26,13073,3.647
1497468601,39.1,22.417,100.3495,76076.21,13087,3.643
1497469501,37.73,25.309,100.3425,70101.77,13058,3.643
1497470401,37.12,23.541,100.3594,63735.97,13023,3.643
1497471301,36.72,27.639,100.3496,56257.26,13046,3.643
1497472201,36.38,26.708,100.3408,47035,13459,3.638
1497473101,37.2,35.292,100.3284,42720.65,13553,3.647
1497474001,34.15,38.759,100.3259,35583.23,13577,3.696
1497474901,35.37,30.951,100.315,36961.37,13471,3.726
1497475801,34.9,33.571,100.3118,29217.42,13406,3.74
1497476701,33.14,36.684,100.3156,24730.56,13475,3.74
1497477601,33.01,32.9,100.3116,24270.56,13480,3.735
1497478501,31.61,36.654,100.3165,18928.63,13517,4.102
1497479401,29.16,46.436,100.3264,14784.92,13593,3.936
1497480301,25.44,54.475,100.334,9389.19,13531,4.023
1497481201,20.73,77.344,100.3366,5800.08,13951,4.102
1497482101,18.68,83.517,100.3492,4572.18,14566,4.102
1497483001,17.74,85.866,100.3756,3477.82,14541,4.082
1497483901,17.42,85.077,100.4075,2624.6,14366,4.102
1497484801,16.09,88.862,100.4259,1702.74,14057,3.755
1497485701,14.01,91.176,100.4548,701.13,13769,3.652
1497486601,13.94,94.178,100.4619,218.87,13718,3.657
1497487501,12.35,94.038,100.48,22.26,14169,3.726
1497488401,10.56,95.394,100.5098,1.85,13954,3.906
1497489301,9.57,96.333,100.5509,0,14028,3.809
1497490201,10.46,97.101,100.5853,0,14006,3.765
1497491101,10.79,97.37,100.6158,0,13986,4.067
1497492001,9.02,97.46,100.6202,0,14017,4.102
1497492901,7.24,97.525,100.6359,0,13800,4.102
1497493801,5.86,97.642,100.6391,0,13652,3.95
1497494701,5.21,97.878,100.653,0,13131,3.774
1497495601,4.71,98.034,100.667,0,13385,3.843
1497496501,4.41,98.201,100.6823,0,13751,3.882
1497497401,4.16,98.346,100.7,0,13842,3.901
1497498301,3.87,98.471,100.7135,0,13948,3.96
1497499201,3.69,98.588,100.7184,0,14054,3.989
1497500101,3.36,98.684,100.7079,0,14111,4.004
1497501001,3.31,98.767,100.7035,0,14070,3.989
1497501901,2.97,98.848,100.7087,0,14114,3.984
1497502801,2.74,98.924,100.6941,0,14133,3.989
1497503701,2.48,99.002,100.709,0,14225,3.96
1497504601,2.31,99.07,100.7462,0,14296,3.955
1497505501,2.2,99.119,100.7483,0,14319,3.965
1497506401,2.14,99.179,100.749,0,14310,3.936
1497507301,2.04,99.239,100.7307,0,14336,3.95
1497508201,1.93,99.31,100.7208,0,14401,4.077
1497509101,1.88,99.35,100.7165,0,14408,3.896
1497510001,1.9,99.431,100.7064,0,14423,3.931
1497510901,1.87,99.457,100.6939,0,14451,3.94
1497511801,1.78,99.496,100.6622,0,14557,3.975
1497512701,1.91,99.558,100.7031,0,14529,3.975
1497513601,2.01,99.592,100.712,0,14551,3.989
1497514501,2.11,99.637,100.7163,0,14600,3.984
1497515401,2.1,99.687,100.7074,0,14583,3.984
1497516301,1.96,99.716,100.7225,5.56,14621,3.984
1497517201,1.92,99.75,100.7325,85.32,14613,3.975
1497518101,2.01,99.827,100.7218,408.06,14662,3.975
1497519001,2.92,99.889,100.7349,1615.56,14665,3.984
1497519901,4.35,99.984,100.7242,3589.11,14683,3.984
1497520801,8.11,100,100.7352,6796.13,14781,3.984
1497521701,9.11,100,100.7758,8910.65,14748,3.984
1497522601,11.69,99.931,100.7725,11739.27,14855,3.975
1497523501,12.19,99.284,100.77,14690.32,14881,3.975
1497524401,13.84,96.531,100.798,16541.45,14821,3.975
1497525301,15.42,87.6,100.8017,16289.19,14760,3.97
1497526201,16.23,84.126,100.7815,18034.6,14663,3.96
1497527101,16.85,82.758,100.7911,19687.26,14684,3.936
1497528001,20.08,69.583,100.7996,25424.27,14660,4.082
1497528901,22.81,60.767,100.7847,22297.02,14290,4.077
1497529801,24.75,51.666,100.7955,47661.94,14388,3.916
1497530701,24.52,49.413,100.7931,46257.82,14510,3.691
1497531601,23.64,55.036,100.8209,35894.84,14343,3.911
1497532501,26.04,43.718,100.8271,52497.5,14463,4.067
1497533401,29.58,35.33,100.8261,64819.19,14365,3.682
1497534301,30.8,39.328,100.8299,74338.23,14377,3.408
1497535201,28.61,37.582,100.8273,74321.53,14369,3.506
1497536101,30.63,37.473,100.8332,78539.44,13235,3.516
1497537001,31.61,34.553,100.8258,82812.98,13723,3.54
1497537901,31.13,33.272,100.8099,89356.85,13849,3.613
1497538801,33.28,32.78,100.8031,90556.94,13941,3.589
1497539701,36.06,32.349,100.7987,95772.74,14017,4.067
1497540601,33.39,30.538,100.7897,107792.1,13883,3.574
1497542401,34.05,31.117,100.7784,111047.34,13788,3.584
1497543301,35.75,24.837,100.7583,103360.89,13606,3.584
1497544201,32.71,36.985,100.743,69484.11,13714,3.574
1497545101,36.18,26.228,100.7228,113471.61,13715,3.584
1497546001,35.3,24.218,100.7087,109626.53,13800,3.56
1497547801,34.47,23.557,100.7232,95921.13,13871,3.56
1497548701,28.82,28.36,100.7099,37462.18,13867,3.555
1497549601,37.89,25.083,100.7214,97074.84,13862,3.555
1497550501,34.62,24.52,100.6913,92697.42,13866,3.55
1497551401,35.76,23.471,100.6554,90731.29,13865,3.555
1497552301,35.31,24.382,100.6549,89314.19,13874,3.55
1497553201,35.99,29.592,100.6741,84332.1,13900,3.555
1497554101,34.82,25.79,100.6568,80935.89,13923,3.545
1497555001,35.84,26.162,100.6371,77743.71,13945,3.545
1497555901,34.36,31.963,100.6328,69090.89,13993,3.545
1497556801,33.03,24.54,100.6403,63513.39,14001,3.545
1497557701,31.04,28.454,100.6329,52916.69,14006,3.535
1497558601,32.61,26.489,100.6239,54673.23,13991,3.486
1497559501,31.65,29.694,100.6128,47415.24,14043,3.491
1497560401,31.17,40.455,100.6254,42822.66,14058,3.477
1497561301,30.27,30.675,100.6198,37796.05,14059,3.379
1497562201,28.31,30.175,100.604,31328.23,14122,3.369
1497563101,27.93,36.45,100.5922,27718.71,14158,3.447
1497564001,25.64,37.596,100.6066,20614.68,14154,3.643
1497564901,24.18,38.608,100.605,15174.44,14059,3.838
1497565801,25.65,36.038,100.6102,17528.23,14051,3.838
1497566701,20.65,45.858,100.6056,7743.95,14082,3.97
1497567601,17.76,66.196,100.6107,4941.29,13562,3.32
1497568501,17.69,67.405,100.6181,2021.77,13224,3.481
1497569401,17.11,68.002,100.6297,1487.58,13559,3.462
1497570301,16.68,67.274,100.6253,970.08,13549,3.643
1497571201,16.51,65.899,100.626,454.44,13603,3.838
1497572101,16.25,70.41,100.6224,200.32,13533,4.033
1497573001,16.18,63.53,100.6343,48.23,13625,4.028
1497573901,15.9,69.372,100.6391,7.42,13777,3.701
1497574801,15.73,64.546,100.6637,0,13723,4.058
1497575701,15.57,69.794,100.6833,0,13661,4.063
1497576601,15.43,65.22,100.7082,0,13767,3.711
1497577501,15.22,71.127,100.7066,0,13843,3.364
1497578401,15.09,72.161,100.6918,0,13781,3.447
1497579301,15.06,64.967,100.7114,0,13784,3.618
1497580201,14.81,69.234,100.7081,0,13872,3.677
1497581101,14.63,70.79,100.7112,0,13872,3.706
1497582001,14.5,72.724,100.7208,0,13926,3.652
1497582901,14.28,77.338,100.7114,0,13995,3.75
1497583801,14.21,81.521,100.7256,0,13911,3.774
1497584701,14.56,80.369,100.7403,0,14228,3.799
1497585601,14.56,82.603,100.7288,0,14236,3.799
1497586501,14.55,84.529,100.7219,0,14265,3.818
1497587401,14.63,86.066,100.744,0,14271,3.823
1497588301,14.68,86.547,100.7412,0,14357,3.828
1497589201,14.67,86.861,100.7178,0,14348,3.828
1497590101,14.6,88.083,100.7017,0,14295,3.828
1497591001,14.58,88.428,100.7066,0,13927,3.828
1497591901,14.58,89.282,100.7022,0,14423,3.828
1497592801,14.61,88.293,100.7074,0,14403,3.818
1497593701,14.6,88.783,100.6918,0,14444,3.813
1497594601,14.51,90.339,100.6774,0,14481,3.809
1497595501,14.6,90.171,100.675,0,14446,3.799
1497596401,14.59,90.157,100.6611,0,14554,3.794
1497597301,14.42,91.619,100.6578,0,14532,3.809
1497598201,14.46,91.593,100.6619,0,14486,3.848
1497599101,14.43,91.664,100.6781,0,14399,3.833
1497600001,14.34,92.824,100.6892,0,14385,3.818
1497600901,14.03,94.015,100.6887,0,14229,3.799
1497601801,13.46,95.002,100.6588,0,14322,3.652
1497602701,13.46,96.143,100.655,3.71,14160,3.657
1497603601,14.08,96.378,100.6757,31.53,14177,3.647
1497604501,14.21,95.609,100.675,237.42,14050,3.652
1497605401,13.96,95.435,100.6376,686.29,14182,3.652
1497606301,14.21,95.163,100.6264,1302.1,14180,3.647
1497607201,14.39,95.335,100.6426,1988.39,14215,3.647
1497608101,14.95,94.678,100.6859,2554.11,14220,3.643
1497609001,15.18,91.841,100.6909,4462.74,14206,3.643
1497609901,15.7,90.745,100.6848,6662.58,14292,3.638
1497610801,16.35,87.904,100.6846,9993.87,14296,3.643
1497611701,16.37,87.633,100.6984,6250.81,14276,3.643
1497612601,17.11,84.367,100.7043,12091.69,14268,3.638
1497613501,21.26,66.27,100.7055,27032.42,14258,3.638
1497614401,20.48,72.518,100.6835,20720.4,14247,3.633
1497615301,19.6,73.297,100.6597,21944.6,14261,3.638
1497616201,24.63,58.949,100.6552,37499.27,14030,3.613
1497617101,22.3,67.455,100.6313,24060.97,14724,3.589
1497618001,21.16,67.63,100.6355,23738.23,14747,3.584
1497618901,25.46,52.394,100.6321,48238.79,14908,3.545
1497619801,22.71,61.841,100.6319,30410.08,14859,3.516
1497620701,23.65,58.066,100.6282,33978.79,14840,3.53
1497621601,24.95,62.072,100.5955,29757.18,14737,3.491
1497622501,26.25,58.561,100.6057,51527.42,14698,3.535
1497623401,26.91,51.778,100.607,48659.84,14417,3.398
1497624301,29.44,52.696,100.5975,64824.76,14411,3.384
1497625201,28.48,51.947,100.5649,46743.79,14462,3.354
1497626101,28.29,49.952,100.5629,55055.32,14516,3.311
1497627001,27.18,54.309,100.5563,36755.48,14537,3.306
1497627901,25.03,61.71,100.562,25689.52,14345,3.296
1497628801,24.48,63.281,100.5509,27531.37,14147,3.286
1497629701,23.73,65.75,100.5602,21358.47,14185,3.286
1497630601,26.78,59.649,100.5476,26785.73,14172,3.286
1497631501,25.92,57.036,100.5376,28774.11,14170,3.286
1497632401,24.54,57.381,100.518,30860.81,14169,3.286
1497633301,28.92,54.246,100.4929,60007.74,14157,3.296
1497634201,25.79,56.588,100.495,28343.79,14134,3.296
1497635101,23.75,64.942,100.4927,16634.19,14129,3.296
1497636001,19.03,84.047,100.5027,6276.77,14130,3.281
1497636901,18.49,88.968,100.5169,11334.92,14034,3.301
1497637801,18.72,90.525,100.513,12015.65,14047,3.374
1497638701,18.63,90.75,100.512,8040.73,13897,3.447
1497639601,17.45,92.807,100.5052,10023.55,13645,3.354
1497640501,17.98,92.4,100.4957,12716.77,13455,3.252
1497641401,17.87,92.905,100.4858,6770.16,13369,3.271
1497642301,17.62,93.238,100.4766,6497.5,13277,3.374
1497643201,18.19,92.387,100.4642,18900.81,13098,3.301
1497644101,18.1,92.381,100.4521,11731.85,13055,3.325
1497645001,17.64,92.934,100.4454,10097.74,13040,3.315
1497645901,17.3,92.524,100.4368,6846.21,13065,3.296
1497646801,17.72,94.37,100.4279,13180.48,13100,3.457
1497647701,17.69,93.594,100.4086,14901.77,13074,3.447
1497648601,17.29,94.277,100.4,6295.32,12503,3.462
1497649501,16.99,94.982,100.3943,5492.18,12298,3.477
1497650401,16.58,95.849,100.381,6836.94,11032,3.369
1497651301,15.96,96.439,100.3811,3047.5,10833,3.418
1497652201,16.22,97.139,100.3754,3902.58,10349,3.462
1497653101,16.39,97.517,100.3792,4648.23,10453,3.428
1497654001,16.08,97.7,100.3849,1272.42,10567,3.457
1497654901,16.09,98.03,100.3831,1196.37,10661,3.56
1497655801,15.95,98.274,100.3995,747.5,10823,3.457
1497656701,15.92,98.474,100.3995,513.79,11040,3.555
1497657601,15.95,98.699,100.3996,261.53,11053,3.599
1497658501,15.79,98.851,100.3981,70.48,11054,3.677
1497659401,15.76,99.016,100.3848,35.24,11060,3.701
1497660301,15.75,99.145,100.3907,3.71,11025,3.721
1497661201,15.76,99.291,100.3934,0,11083,3.74
1497662101,15.74,99.396,100.4008,0,11040,3.755
1497663001,15.73,99.512,100.401,0,10915,3.76
1497663901,15.75,99.627,100.3891,0,10820,3.774
1497664801,15.83,99.732,100.3723,0,10729,3.784
1497665701,15.79,99.82,100.376,0,10777,3.813
1497666601,15.86,99.915,100.3741,0,10795,3.828
1497667501,15.87,99.992,100.3658,0,10749,3.833
1497668401,15.87,100,100.3498,0,10733,3.838
1497669301,15.88,100,100.3592,0,10742,3.833
1497670201,15.97,100,100.3622,0,10776,3.838
1497671101,15.92,100,100.3652,0,10826,3.838
1497672001,15.92,100,100.3717,0,10871,3.838
1497672901,16,100,100.374,0,10900,3.838
1497673801,16,100,100.3635,0,10952,3.843
1497674701,16.09,100,100.3577,0,10987,3.838
1497675601,16.06,100,100.3435,0,11011,3.843
1497676501,16.11,100,100.3303,0,11042,3.843
1497677401,16.05,100,100.3318,0,11072,3.843
1497678301,16.07,100,100.3216,0,11100,3.843
1497679201,16.11,100,100.3065,0,11145,3.843
1497680101,16.14,100,100.3019,0,11173,3.848
1497681001,16.08,100,100.2993,0,11213,3.843
1497681901,16.09,100,100.4891,0,11240,3.843
1497682801,16.16,100,100.5301,0,11268,3.848
1497683701,16.24,100,100.5714,0,11293,3.843
1497684601,16.19,100,100.5663,0,11365,3.848
1497685501,16.23,100,100.5848,0,11347,3.843
1497686401,16.25,100,100.281,0,11368,3.848
1497687301,16.27,100,100.2758,0,11384,3.853
1497688201,16.37,100,100.2769,0,11418,3.853
1497689101,16.3,100,100.2738,0,11437,3.848
1497690001,16.29,100,100.2767,16.69,11467,3.848
1497690901,16.31,100,100.2833,124.27,11489,3.848
1497691801,16.46,100,100.2834,324.6,11505,3.853
1497692701,16.54,100,100.2884,706.69,11533,3.848
1497693601,16.9,100,100.28,2049.6,11549,3.853
1497694501,17.15,100,100.2725,3743.06,11579,3.853
1497695401,17.4,100,100.2547,4527.66,11603,3.848
1497696301,17.49,100,100.2687,3999.03,11609,3.848
1497697201,17.75,100,100.2726,5189.84,11609,3.848
1497698101,18.53,100,100.2905,8995.97,11621,3.843
1497699001,19.06,100,100.2793,11896.94,11651,3.843
1497699901,19.88,98.017,100.2924,14243.31,11720,3.843
1497700801,21.04,91.837,100.2759,18160.73,11700,3.838
1497701701,21.3,87.197,100.2948,18670.81,11702,3.838
1497702601,21.22,86.594,100.326,12761.29,11755,3.838
1497703501,21.85,89.68,100.3414,16487.66,11768,3.838
1497704401,20.43,91.735,100.3625,9092.42,11789,3.838
1497705301,21.19,90.482,100.369,13601.53,11803,3.838
1497706201,21.9,86.68,100.3661,14732.98,11814,3.833
1497707101,22.46,86.375,100.3527,17995.65,11831,3.833
1497708001,24.75,78.769,100.3448,34006.61,11998,3.823
1497708901,28,62.686,100.3582,61673.39,11788,3.779
1497709801,25.52,76.125,100.3461,22022.5,12080,3.74
1497710701,25.67,74.327,100.3574,31817.9,11878,3.74
1497711601,24.98,78.808,100.3582,23643.63,12091,3.735
1497712501,23.73,80.305,100.3623,15888.55,12044,3.74
1497713401,25.06,77.195,100.3429,25830.48,12093,3.755
1497714301,25.95,74.216,100.3304,24062.82,12157,3.74
1497715201,24.9,79.66,100.3088,22816.37,12161,3.74
1497716101,25.06,77.385,100.303,22877.58,12175,3.75
1497717001,25.83,74.512,100.2841,25837.9,12244,3.74
1497717901,25.82,72.371,100.2842,24359.6,12209,3.74
1497718801,26.69,71.132,100.2914,25424.27,12236,3.735
1497719701,27.16,70.664,100.2964,31467.34,12046,3.726
1497720601,26.7,72.534,100.2936,22471.37,12294,3.696
1497721501,27.42,70.806,100.2853,31244.76,12312,3.691
1497722401,25.59,75.193,100.284,15261.61,12308,3.662
1497723301,25.04,80.132,100.3075,13605.24,12329,3.682
1497724201,25.01,77.265,100.2874,19095.56,12405,3.691
1497725101,25.68,78.572,100.2827,15602.9,12281,3.691
1497726001,24.69,80.889,100.2976,11928.47,12479,3.682
1497726901,25.34,76.749,100.2879,19672.42,12430,3.691
1497727801,25.17,78.698,100.2957,13349.27,12446,3.696
1497728701,26.65,78.233,100.2835,22603.06,12444,3.682
1497729601,25.17,81.325,100.2726,14868.39,12452,3.691
1497730501,27.77,70.022,100.2538,24385.56,12472,3.682
1497731401,27.76,71.797,100.2444,15888.55,12514,3.657
1497732301,28.01,75.889,100.2338,30471.29,12571,3.662
1497733201,24.72,83.07,100.2281,4792.9,12592,3.677
1497734101,24.58,84.825,100.2319,7866.37,12611,3.691
1497735001,24.89,82.058,100.2228,7602.98,12618,3.691
1497735901,23.45,88.619,100.2239,4638.95,12631,3.701
1497736801,25.16,82.14,100.2084,13375.24,12662,3.701
1497737701,25.26,81.598,100.2084,8879.11,12755,3.701
1497738601,24.28,81.533,100.2095,6052.34,12697,3.701
1497739501,23.47,88.767,100.2257,4961.69,12699,3.701
1497740401,23.45,87.044,100.2381,6295.32,12716,3.706
1497741301,22.56,89.39,100.2494,2919.52,12725,3.711
1497742201,21.93,90.774,100.2519,1852.98,12733,3.726
1497743101,21.55,93.007,100.256,966.37,12745,3.726
1497744001,21.03,94.871,100.2691,458.15,12751,3.726
1497744901,20.84,95.728,100.2811,192.9,12776,3.735
1497745801,20.56,96.64,100.2786,63.06,12784,3.74
1497746701,20.4,97.079,100.2876,7.42,12784,3.735
1497747601,20.43,97.319,100.298,0,12812,3.735
1497748501,20.22,97.595,100.3047,0,12817,3.735
1497749401,20.35,97.323,100.3144,0,12909,3.74
1497750301,20.28,97.011,100.3291,0,12847,3.74
1497751201,20.18,97.22,100.3292,0,12766,3.74
1497752101,20.1,97.558,100.3128,0,12774,3.74
1497753001,20.06,97.572,100.3202,0,12807,3.74
1497753901,20,97.655,100.3265,0,12838,3.74
1497754801,19.88,97.828,100.3208,0,12815,3.74
1497755701,19.83,98.15,100.304,0,12816,3.74
1497756601,19.78,98.424,100.319,0,12814,3.75
1497757501,19.76,98.597,100.3103,0,12853,3.75
1497758401,19.7,98.759,100.3085,0,12820,3.75
1497759301,19.63,98.886,100.3088,0,12845,3.74
1497760201,19.49,99.067,100.3029,0,12833,3.75
1497761101,19.36,99.281,100.2877,0,12860,3.75
1497762001,19.29,99.54,100.2765,0,12850,3.75
1497762901,19.24,99.725,100.2736,0,12797,3.755
1497763801,19.2,99.917,100.2649,0,12866,3.755
1497764701,19.15,100,100.2441,0,12822,3.755
1497765601,19.09,100,100.2292,0,12829,3.755
1497766501,19.05,100,100.224,0,12813,3.755
1497767401,19.04,100,100.2125,0,12784,3.755
1497768301,18.99,100,100.194,0,12732,3.755
1497769201,18.94,100,100.188,0,12659,3.755
1497770101,18.93,100,100.1764,0,12623,3.755
1497771001,18.92,100,100.1843,0,12596,3.75
1497771901,18.93,100,100.1954,0,12588,3.76
1497772801,18.95,100,100.1982,0,12636,3.755
1497773701,18.92,100,100.189,0,12631,3.755
1497774601,18.93,100,100.1852,0,12615,3.755
1497775501,18.93,100,100.1947,1.85,12702,3.755
1497776401,18.96,100,100.1923,24.11,12668,3.755
1497777301,18.94,100,100.1923,139.11,12611,3.755
1497778201,19.01,100,100.2024,443.31,12616,3.755
1497779101,19.11,100,100.2035,803.15,12684,3.755
1497780001,19.25,100,100.1959,1712.02,12682,3.755
1497780901,19.56,100,100.1917,2140.48,12691,3.755
1497781801,19.78,100,100.1939,3485.24,12697,3.755
1497782701,20.15,100,100.1996,5013.63,12692,3.755
1497783601,20.53,100,100.2015,5887.26,12671,3.755
1497784501,20.36,100,100.2055,5239.92,12674,3.75
1497785401,20.42,100,100.2056,5275.16,12663,3.755
1497786301,21.02,100,100.2192,5000.65,12670,3.75
1497787201,22.25,99.643,100.2209,12696.37,12696,3.75
1497788101,22.98,96.96,100.2357,22310,12695,3.75
1497789001,23.68,93.616,100.2412,17173.95,12671,3.735
1497789901,23.96,90.672,100.2514,20946.69,12672,3.735
1497790801,24.48,89.467,100.2539,21408.55,12645,3.74
1497792601,23.84,90.37,100.2312,10429.76,12634,3.73
1497793501,24.31,89.828,100.2389,21052.42,12697,3.735
1497795301,27.87,85.396,100.2131,52226.69,12590,3.711
1497796201,27.13,83.714,100.1962,36603.39,12832,3.691
1497797101,25.39,85.447,100.1777,18626.29,12931,3.682
1497798001,25.21,88.874,100.1738,19945.08,12904,3.691
1497798901,25.53,86.223,100.1715,17031.13,12900,3.691
1497804301,32.33,63.019,100.0978,39457.98,12963,3.291
1497807001,33.06,58.798,100.0526,93164.84,12866,3.306
1497816001,31.99,64.85,99.9502,25561.53,12865,3.398
1497819601,35.79,56.546,99.9004,43214.03,12917,3.35
1497820501,33.94,54.129,99.8871,39075.89,12915,3.354
1497823201,26.75,74.471,99.8315,11125.32,12929,3.364
1497824101,25.88,79.404,99.8377,19907.98,12819,3.364
1497825901,26.16,80.105,99.8587,3796.85,12859,3.374
1497827701,24.34,86.546,99.8874,3043.79,12898,3.374
1497828601,23.86,86.756,99.9038,1717.58,12926,3.374
1497829501,23.25,89.736,99.9043,881.05,12958,3.374
1497830401,23.1,89.385,99.9087,576.85,12944,3.374
1497831301,22.79,89.97,99.9063,319.03,12978,3.374
1497832201,22.38,91.733,99.9157,77.9,12998,3.374
1497833101,21.86,93.547,99.9199,11.13,12972,3.384
1497834001,21.59,94.035,99.9184,0,12995,3.384
1497834901,21.57,94.72,99.9287,0,12999,3.384
1497835801,21.67,93.975,99.9265,0,13017,3.379
1497836701,21.52,94.84,99.9264,0,13035,3.384
1497837601,21.54,94.857,99.9134,0,13041,3.379
1497838501,21.73,94.575,99.9153,0,13035,3.384
1497839401,21.86,93.636,99.9274,0,13028,3.389
1497840301,21.82,94.061,99.9051,0,13028,3.384
1497841201,21.81,94.523,99.9744,0,13042,3.389
1497842101,21.85,94.62,99.9938,0,13061,3.389
1497843001,21.84,95.041,99.9982,0,13081,3.389
1497843901,21.89,95.229,100.0072,0,13081,3.389
1497844801,21.92,95.49,99.9905,0,13077,3.389
1497845701,21.97,95.533,99.9751,0,13081,3.389
1497846601,21.98,95.76,99.9623,0,13084,3.398
1497847501,22.06,95.676,99.9554,0,13096,3.403
1497848401,21.97,96.191,99.9334,0,13100,3.398
1497849301,22.03,96.09,99.9389,0,13100,3.398
1497850201,21.81,96.887,99.9405,0,13079,3.403
1497851101,21.72,97.346,99.9347,0,13075,3.398
1497852001,21.76,97.609,99.9388,0,13078,3.389
1497852901,22.05,97.416,99.9394,0,13087,3.389
1497853801,22.08,97.255,99.9271,0,13109,3.403
1497854701,21.9,97.659,99.9333,0,13123,3.403
1497855601,22.03,97.612,99.9097,0,13133,3.398
1497856501,22.06,97.506,99.914,0,13138,3.398
1497857401,21.97,97.707,99.9071,0,13143,3.398
1497858301,22.06,97.726,99.9162,0,13141,3.398
1497859201,22.21,97.206,99.9298,0,13213,3.398
1497860101,21.93,97.467,99.9193,0,13153,3.403
1497861001,21.82,98.097,99.9292,0,13147,3.398
1497861901,22.06,98.206,99.9363,1.85,13145,3.398
1497862801,21.9,98.093,99.9437,18.55,13138,3.389
1497863701,21.94,98.057,99.9625,83.47,13151,3.384
1497864601,21.87,97.852,99.9979,224.44,13156,3.398
1497865501,22.01,97.408,99.9973,593.55,13154,3.389
1497866401,22.13,96.755,100.0015,1302.1,13159,3.389
1497867301,22.38,95.545,99.994,2817.5,13167,3.389
1497868201,22.98,93.925,99.9898,4674.19,13235,3.389
1497869101,23.65,91.535,99.9839,9148.06,13160,3.389
1497870001,24.01,89.344,100.0244,5328.95,13145,3.389
1497870901,23.79,89.646,100.0324,6393.63,13146,3.403
1497871801,24,90.01,100.0436,10223.87,13140,3.398
1497872701,23.79,89.588,100.0523,5685.08,13136,3.398
1497873601,24.16,88.994,100.0442,7712.42,13125,3.398
1497874501,24.74,87.55,100.054,10637.5,13116,3.389
1497875401,25.39,85.995,100.0438,12713.06,13121,3.398
1497876301,25.16,85.863,100.0457,16663.87,13149,3.398
1497877201,26.18,83.348,100.0537,17068.23,13120,3.389
1497878101,25.68,83.661,100.0408,12982.02,13109,3.398
1497879001,25.46,84.284,100.0478,11494.44,13100,3.408
1497879901,26.46,82.569,100.0369,16617.5,13078,3.408
1497880801,27.05,82.427,100.0237,22951.77,13065,3.398
1497881701,27.72,79.309,100.0144,18342.5,13055,3.418
1497882601,27.59,76.542,100.0216,17570.89,13063,3.408
1497883501,27.66,77.367,100.0298,19093.71,13073,3.408
1497884401,28.21,78.412,100.0317,25585.65,13064,3.413
1497886201,28.25,77.298,100.036,22133.79,13040,3.408
1497887101,28.17,75.588,100.0153,29178.47,13019,3.418
1497888001,30.81,69.406,99.9971,45232.1,13024,3.423
1497888901,32.42,60.944,99.97,61779.11,13111,3.413
1497889801,34.15,54.649,99.9524,52525.32,13072,3.359
1497890701,36.38,51.388,99.9489,77567.5,12672,3.457
1497891601,37,53.329,99.9291,66581.29,12541,3.433
1497892501,33.98,56.117,99.918,48131.21,12428,3.354
1497893401,36.73,50.637,99.9019,32287.18,12442,3.354
1497895201,38.4,48.115,99.8812,3796.85,12164,3.594
1497906001,28.48,72.626,99.7912,15426.69,12705,3.584
1497933001,19.91,100,99.9993,0,11092,3.672
1497933901,19.78,100,99.9787,0,11109,3.667
1497934801,19.65,100,99.9848,0,11162,3.662
1497936601,19.67,100,99.9757,0,11256,3.647
1497937501,19.76,100,99.9478,0,11322,3.647
1497938401,19.82,100,99.9334,0,11391,3.652
1497939301,19.88,100,99.9396,0,11410,3.647
1497940201,19.94,100,99.9331,0,11431,3.652
1497941101,19.94,100,99.9329,0,11472,3.657
1497965401,30.37,72.53,99.9989,62035.08,11438,3.56
1497966301,29.97,62.889,100.0128,472.98,11258,3.55
1497969901,33.5,55.171,99.9907,59716.53,11073,3.657
1497990601,34.78,47.843,99.9859,28963.31,11279,3.872
1497992401,32.2,44.534,99.9794,28965.16,11347,3.872
1497995101,29,48.396,99.9679,24684.19,11442,3.867
1497998701,28.46,57.868,100.0285,472.98,11639,3.799
1498064469,36.15,36.483,100.0601,107311.69,12115,3.198
