Timestamp,Temperature,Humidity,Pressure,Light,Soil,Voltage
1496160001,24.47,43.18,99.9339,22.26,25843,5
1496160901,24.02,44.857,99.9335,682.58,25615,5
1496161801,20.17,54.754,100.0403,6293.47,25723,5
1496162701,21.01,56.449,101.0904,179.92,25554,5
1496163601,21.54,56.963,101.1114,15732.74,25519,5
1496164501,22.02,60.783,101.1251,24111.05,9713,5
1496165401,24.28,58.69,101.0964,36412.34,9455,5
1496166301,24.23,56.856,101.0887,31404.27,9116,5
1496167201,21.23,71.435,101.0941,15157.74,8864,5
1496168101,19.77,71.013,101.0746,13766.61,8716,5
1496169001,21.27,68.394,101.0481,18069.84,8511,5
1496169901,20.36,66.349,101.0372,14260,8355,5
1496170801,20.16,67.59,101.0214,12740.89,8233,5
1496171701,19.8,66.689,101.0093,11700.32,8073,5
1496172601,18.66,68.174,101.0025,11461.05,7973,5
1496173501,20.38,70.02,101.0055,11813.47,7876,5
1496174401,20.01,70.618,101.0137,11596.45,7798,5
1496175301,19.72,65.285,101.0242,13052.5,7729,5
1496176201,19.92,69.045,101.0236,13032.1,7674,5
1496177101,19.97,65.711,101.0192,15819.92,7637,5
1496178001,19.64,68.168,101.0182,11600.16,7624,5
1496178901,19,73.333,101.0277,9656.29,7601,5
1496179801,18.62,75.863,101.0417,9841.77,7582,5
1496180701,18.26,76.2,101.0276,8740,7576,5
1496181601,17.77,71.525,101.0445,6057.9,7603,5
1496182501,16.92,78.066,101.0367,4544.35,7570,5
1496183401,16.53,78.492,101.0567,3001.13,7569,5
1496184301,16.88,78.104,101.0283,6727.5,7568,5
1496185201,17.85,77.422,101.0375,6573.55,7593,5
1496186101,15.78,81.732,101.0387,2251.77,7601,5
1496187001,15.19,82.929,101.0274,1745.4,7612,5
1496187901,15.19,85.067,101.0296,1472.74,7578,5
1496188801,14.57,86.097,101.0399,495.24,7636,5
1496189701,14.1,87.776,101.0384,215.16,7576,5
1496190601,13.83,89.261,101.0361,35.24,7584,5
1496191501,12.52,90.779,101.043,1.85,7580,5
1496192401,13.16,92.729,101.058,0,7581,5
1496193301,13.44,92.145,101.0429,0,7585,5
1496194201,13.11,93.043,101.0649,0,7586,5
1496195101,12.92,93.746,101.0396,0,7579,5
1496196001,12.6,94.285,101.0173,0,7638,5
1496196901,12.55,94.644,101.0174,0,7663,5
1496197801,12.89,94.651,101.0219,0,7680,5
1496198701,13.01,94.438,101.0218,0,7702,5
1496199601,13,93.805,101.0503,0,7722,5
1496200501,13.03,93.79,101.0287,0,7754,5
1496201401,12.95,93.491,101.0046,0,7776,5
1496202301,12.94,93.508,101.0292,0,7804,5
1496203201,12.89,93.784,101.0101,0,7819,5
1496204101,12.84,94.356,101.0003,0,7836,5
1496205001,12.73,94.962,100.9849,0,7854,5
1496205901,12.68,95.474,100.9795,0,7867,5
1496206801,12.59,95.791,100.9805,0,7884,5
1496207701,12.73,96.116,100.9805,0,7900,5
1496208601,12.75,96.316,100.96,0,7925,5
1496209501,12.7,96.434,100.9521,0,7950,5
1496210401,12.68,96.582,100.944,0,7952,5
1496211301,12.73,96.713,100.9279,0,7978,5
1496212201,12.73,96.833,100.9236,0,8018,5
1496213101,12.68,96.92,100.896,0,8027,5
1496214001,12.63,97.028,100.8654,0,8037,5
1496214901,12.66,97.121,100.8656,0,8062,5
1496215801,12.63,97.212,100.8406,0,8142,5
1496216701,12.67,97.286,100.8345,0,8099,5
1496217601,12.68,97.375,100.8432,0,8115,5
1496218501,12.74,97.454,100.8196,0,8121,5
1496219401,12.69,97.519,100.8112,0,8136,5
1496220301,12.7,97.576,100.7788,0,8150,5
1496221201,12.71,97.643,100.7947,7.42,8163,5
1496222101,12.68,97.702,100.8118,51.94,8180,5
1496223001,12.81,97.763,100.7978,205.89,8194,5
1496223901,12.91,97.784,100.7912,604.68,8208,5
1496224801,12.98,97.833,100.8191,899.6,8217,5
1496225701,13.02,97.831,100.811,1736.13,8231,5
1496226601,13.23,97.834,100.817,1216.77,8242,5
1496227501,13.62,97.801,100.8239,3744.92,8311,5
1496228401,13.77,97.683,100.8371,2661.69,8263,5
1496229301,13.78,97.564,100.8404,4093.63,8273,5
1496230201,13.84,97.469,100.8492,3770.89,8283,5
1496231101,14.25,97.254,100.8491,4726.13,8295,5
1496232001,14.28,96.846,100.8623,6011.53,8297,5
1496232901,14.95,96.392,100.8481,8901.37,8175,5
1496233801,15.63,94.068,100.851,9634.03,8183,5
1496234701,16.82,91.073,100.8385,12241.94,8186,5
1496235601,16.1,91.736,100.8428,8506.29,8190,5
1496236501,16.69,91.025,100.8328,8380.16,8170,5
1496237401,16.53,91.475,100.808,12190,8188,5
1496238301,18.33,88.683,100.7856,19271.77,8132,5
1496239201,19.17,82.625,100.7721,16025.81,8097,5
1496240101,18.71,86.452,100.781,16283.63,8010,5
1496241001,18.42,84.981,100.7954,12290.16,8027,5
1496241901,17.39,87.747,100.8057,8944.03,8028,5
1496242801,17.49,89.23,100.8054,12310.56,8079,5
1496243701,17.76,89.229,100.8005,6315.73,8029,5
1496244601,18.53,89.383,100.764,21024.6,8057,5
1496245501,21.8,81.832,100.7279,40194.35,8085,5
1496246401,21.43,84.099,100.7264,26982.34,8191,5
1496247301,21.66,79.778,100.7281,33368.55,8243,5
1496248201,22.1,79.801,100.6911,38801.37,8282,5
1496249101,21.42,82.374,100.6677,30923.87,8287,5
1496250001,26.17,70.847,100.6354,43709.27,8310,5
1496250901,25.87,65.871,100.6126,33027.26,8354,5
1496251801,25.94,72.875,100.6127,35666.69,8350,5
1496252701,26.2,69.848,100.5977,34218.06,8330,5
1496253601,23.64,70.17,100.5951,19318.15,8331,5
1496254501,27.86,56.371,100.536,34904.35,8332,5
1496255401,25.96,70.082,100.5216,26258.95,8338,5
1496256301,28.59,58.636,100.4973,103828.31,8338,5
1496257201,25.81,69.133,100.4751,16124.11,8339,5
1496258101,24.36,68.068,100.4618,14938.87,8343,5
1496259001,24.52,75.857,100.4468,22347.1,8349,5
1496259901,27.08,62.387,100.4255,32945.65,8341,5
1496260801,29.42,65.818,100.4031,33565.16,8302,5
1496261701,26.06,69.792,100.3848,21820.32,8277,5
1496262601,27.06,64.752,100.3646,19993.31,8256,5
1496263501,26.31,69.741,100.3591,17164.68,8242,5
1496264401,25.98,65.435,100.3343,19188.31,8235,5
1496265301,25.53,67.918,100.3376,13391.94,8225,5
1496266201,25.14,69.977,100.3003,14738.55,8213,5
1496267101,23.96,73.463,100.2934,13902.02,8203,5
1496268001,24.03,77.499,100.2915,11711.45,8195,5
1496268901,23.26,77.166,100.2822,8185.4,8191,5
1496269801,27.04,63.322,100.2755,10698.71,8179,5
1496270701,22.52,82.163,100.2618,7185.65,8179,5
1496271601,20.87,84.717,100.2496,4093.63,8179,5
1496272501,17.71,90.407,100.247,1827.02,8191,5
1496273401,15.53,92.843,100.2592,1125.89,8180,5
1496274301,14.54,94.482,100.2989,658.47,8212,5
1496275201,13.43,94.952,100.3465,369.11,8215,5
1496276101,13.54,95.576,100.3657,92.74,8235,5
1496277001,14.85,96.108,100.3917,5.56,8240,5
1496277901,15.96,96.458,100.4338,0,8252,5
1496278801,15.5,95.857,100.5616,0,8247,5
1496279701,14.89,96.193,100.605,0,8239,5
1496280601,14.56,96.667,100.5973,0,8232,5
1496281501,14.49,96.969,100.5727,0,8215,5
1496282401,14.19,97.208,100.5092,0,8238,5
1496283301,13.81,97.396,100.4705,0,8263,5
1496284201,12.39,97.496,100.4737,0,8246,5
1496285101,10.86,97.567,100.4761,0,8254,5
1496286001,11.28,97.695,100.4661,0,8276,5
1496286901,11.65,97.764,100.4659,0,8289,5
1496287801,12.6,97.912,100.4294,0,8288,5
1496288701,12.71,97.968,100.4517,0,8336,5
1496289601,13.52,98.083,100.5306,0,8301,5
1496290501,13.84,98.153,100.4793,0,8305,5
1496291401,13.97,98.236,100.5448,0,8318,5
1496292301,14.16,98.29,100.4678,0,8290,5
1496293201,13.72,98.368,100.3997,0,8312,5
1496294101,13.17,98.417,100.4128,0,8328,5
1496295001,12.52,98.492,100.4414,0,8335,5
1496295901,12.01,98.539,100.4328,0,8339,5
1496296801,11.55,98.587,100.4237,0,8340,5
1496297701,11.44,98.636,100.3997,0,8338,5
1496298601,11.86,98.689,100.4034,0,8363,5
1496299501,12.21,98.733,100.4444,0,8379,5
1496300401,12.48,98.795,100.4201,0,8425,5
1496301301,12.75,98.834,100.3331,0,8387,5
1496302201,11.91,98.864,100.2624,0,8390,5
1496303101,10.14,98.884,100.2801,0,8396,5
1496304001,8.88,0,100.281,0,8404,5
1496304901,9.87,98.977,100.3164,0,8393,5
1496305801,11.45,99.041,100.312,0,8412,5
1496306701,9.61,99.037,100.3136,0,8420,5
1496307601,8.37,99.045,100.3269,24.11,8436,5
1496308501,-46.58,51.365,24.2287,181.77,8474,5
1496309401,10.02,99.151,100.3588,910.73,8486,5
1496310301,11.27,99.185,100.3572,693.71,8491,5
1496311201,11.73,99.212,100.3625,1051.69,8493,5
1496312101,11.78,99.222,100.3507,1793.63,8495,5
1496313001,11.54,99.244,100.3615,3390.65,8502,5
1496313901,12.34,99.274,100.358,3607.66,8496,5
1496314801,12.42,99.301,100.37,4045.4,8493,5
1496315701,13.12,99.33,100.3915,4733.55,8389,5
1496316601,14.12,99.358,100.3967,4472.02,8352,5
1496317501,15.66,99.332,100.395,6846.21,8340,5
1496318401,17.14,99.094,100.3827,9442.98,8344,5
1496319301,17.73,97.988,100.3915,5592.34,8350,5
1496320201,19.12,97.331,100.3892,12957.9,8315,5
1496321101,18.8,89.945,100.3954,7545.48,8281,5
1496322001,21.33,82.691,100.3877,31101.94,8303,5
1496322901,24.57,70.192,100.3698,64774.68,8270,5
1496323801,27.43,66.653,100.3402,73941.29,8162,5
1496324701,27.95,63.722,100.3178,76376.69,8076,5
1496325601,25.64,62.143,100.3066,7026.13,8003,5
1496326501,26.85,63.216,100.3014,12045.32,7971,5
1496327401,29.09,60.035,100.2779,92415.48,7924,5
1496328301,30.32,51.448,100.2829,97720.32,7905,5
1496329201,31.37,45.19,100.2694,101856.61,7829,5
1496330101,32.32,39.343,100.2596,108094.44,7781,5
1496331001,-100,-100,-100,108799.27,7783,5
1496331901,35.22,34.467,100.2425,113122.9,7729,5
1496332801,35.44,35.961,100.2246,117071.85,7676,5
1496334601,37.32,40.195,100.18,24081.37,7591,5
1496335501,24.2,60.335,100.1789,8695.48,7721,5
1496336401,21.47,65.251,100.1868,7285.81,7793,5
1496337301,20.56,83.193,100.1887,10064.35,7829,5
1496338201,27.25,66.763,100.1495,33019.84,7829,5
1496339101,33.74,45.042,100.1265,110759.84,7796,5
1496340001,34.02,44.468,100.0957,80219.92,7744,5
1496340901,28.4,46.802,100.1066,25880.56,7742,5
1496341801,21.92,51.958,100.1279,6662.58,7781,5
1496342701,20.41,63.736,100.15,8168.71,7822,5
1496343601,24.83,62.078,100.1512,24559.92,7849,5
1496344501,32.88,36.351,100.123,95090.16,7859,5
1496345401,34.07,30.363,100.1088,81032.34,7843,5
1496346301,25.3,53.484,100.1161,19613.06,7850,5
1496347201,30.14,40.477,100.1092,24088.79,7849,5
1496348101,30.62,42.646,100.0852,57275.56,7853,5
1496349001,28.91,48.877,100.0922,9029.35,7862,5
1496349901,27.72,38.844,100.1039,26692.98,7910,5
1496350801,23.67,49.42,100.1014,8133.47,7886,5
1496351701,24.38,52.799,100.098,14345.32,7897,5
1496352601,29.11,38.676,100.0883,36132.26,7904,5
1496353501,28.23,40.203,100.0697,25335.24,7915,5
1496354401,30.02,45.628,100.0662,19750.32,7876,5
1496355301,28.04,44.643,100.0664,15502.74,7859,5
1496356201,22.73,66.242,100.0711,3897.02,7846,5
1496357101,18.81,77.113,100.0882,3353.55,7753,5
1496358001,16.51,84.836,100.0904,2752.58,7779,5
1496358901,14.69,90.428,100.1022,2344.52,7775,5
1496359801,13.4,92.203,100.1081,1884.52,7808,5
1496360701,12.24,93.686,100.116,1363.31,7799,5
1496361601,11.27,94.965,100.1239,767.9,7833,5
1496362501,10.23,95.851,100.135,274.52,7845,5
1496363401,9.33,96.796,100.1421,46.37,7854,5
1496364301,8.55,97.355,100.1533,3.71,7873,5
1496365201,7.96,97.663,100.174,0,7906,5
1496366101,7.63,98.128,100.2013,0,7915,5
1496367001,7.35,98.482,100.2276,0,7935,5
1496367901,7.12,98.804,100.2432,0,7945,5
1496368801,6.8,98.988,100.2633,0,7962,5
1496369701,6.57,99.151,100.2743,0,7984,5
1496370601,6.35,99.301,100.2847,0,7996,5
1496371501,7.41,99.641,100.3247,0,7998,5
1496372401,7.55,99.866,100.3347,0,8000,5
1496373301,7.51,100,100.3475,0,8011,5
1496374201,9.46,100,100.3594,0,8025,5
1496375101,10.75,100,100.3762,0,8029,5
1496376001,10.58,100,100.3934,0,8035,5
1496376901,10.85,99.726,100.4051,0,8042,5
1496377801,10.85,97.846,100.4105,0,8045,5
1496378701,10.7,94.441,100.4272,0,8052,5
1496379601,9.55,96.815,100.4262,0,8053,5
1496380501,9.97,98.826,100.4422,0,8101,5
1496381401,10.35,99.149,100.4369,0,8060,5
1496382301,10.39,92.709,100.4252,0,8067,5
1496383201,9.49,93.264,100.4243,0,8067,5
1496384101,9.05,93.374,100.4261,0,8069,5
1496385001,8.13,94.672,100.4346,0,8075,5
1496385901,5.82,97.131,100.4402,0,8083,5
1496386801,4.58,98.251,100.4439,0,8107,5
1496387701,3.75,98.827,100.4497,0,8094,5
1496388601,3.16,99.234,100.4503,0,8104,5
1496389501,2.74,99.507,100.4499,0,8128,5
1496390401,2.46,99.706,100.4566,0,8147,5
1496391301,2.28,99.9,100.4618,0,8170,5
1496392201,2.23,100,100.4686,0,8227,5
1496393101,2.24,100,100.4808,0,8187,5
1496394001,2.19,100,100.4911,20.4,8186,5
1496394901,2.02,100,100.4952,159.52,8194,5
1496395801,2.26,100,100.5062,575,8214,5
1496396701,3.24,100,100.5146,1222.34,8226,5
1496397601,4.92,100,100.5141,3360.97,8230,5
1496398501,6.52,100,100.5218,4833.71,8229,5
1496399401,8.16,100,100.5132,6701.53,8225,5
1496400301,9.38,100,100.4981,7714.27,8218,5
1496401201,10.54,99.579,100.5044,10882.34,8204,5
1496402101,11.51,96.283,100.4968,10485.4,8178,5
1496403001,11.79,91.552,100.4912,9240.81,8157,5
1496403901,12.3,89.398,100.4816,8632.42,8149,5
1496404801,12.99,89.646,100.4754,7845.97,8150,5
1496405701,13.36,81.867,100.4759,5818.63,8156,5
1496406601,16.01,73.171,100.4755,5171.29,8176,5
1496407501,16.21,74.25,100.4722,8292.98,8149,5
1496408401,18.97,64.753,100.4825,32331.69,8127,5
1496409301,23.89,51.522,100.4736,56819.27,8026,5
1496410201,25.18,40.536,100.4658,62808.55,7873,5
1496411101,25.43,37.693,100.4537,67979.84,7785,5
1496412001,26.63,34.828,100.4554,36842.66,7731,5
1496412901,26.57,39.943,100.4392,77471.05,7689,5
1496413801,27.1,36.268,100.4266,84608.47,7651,5
1496414701,29.77,34.518,100.4113,91228.39,7563,5
1496415601,30.78,39.142,100.4032,95900.73,7510,5
1496416501,32.63,28.518,100.389,102079.19,7462,5
1496417401,28.26,28.498,100.3827,101953.06,7417,5
1496418301,30.27,35.868,100.3653,49594.68,7359,5
1496419201,27.22,38.025,100.346,29623.63,7317,5
1496420101,33.15,23.326,100.2983,78940.08,7279,5
1496421001,31.78,29.309,100.307,115684.44,7270,5
1496421901,28.11,37.482,100.2705,56509.52,7227,5
1496422801,33.43,28.835,100.238,42529.6,7229,5
1496423701,30.71,31.961,100.2186,38346.94,7172,5
1496424601,29.2,34.875,100.2082,55496.77,7135,5
1496425501,34.9,40.483,100.188,106961.13,7105,5
1496426401,36.49,22.209,100.1589,36425.32,7001,5
1496427301,35.86,27.74,100.1517,101928.95,6966,5
1496428201,33.5,22.751,100.1516,31237.34,6945,5
1496429101,32.98,24.676,100.1618,104824.35,6972,5
1496430001,25.7,44.707,100.1485,15608.47,6979,5
1496430901,30.49,34.907,100.1711,88767.02,6999,5
1496431801,25.94,41.07,100.1341,12317.98,6999,5
1496432701,-100,-100,-100,2604.19,7031,5
1496433601,20.8,78.481,100.2109,25225.81,7052,5
1496434501,21.17,76.185,100.1929,16598.95,7068,5
1496435401,24.17,68.309,100.1748,45875.73,7085,5
1496436301,20.46,71.302,100.1846,7567.74,7094,5
1496437201,20.64,64.55,100.2028,20594.27,7113,5
1496438101,22.46,65.452,100.1866,12850.32,7136,5
1496439001,25.64,56.887,100.1487,29007.82,7161,5
1496439901,24.98,54.441,100.1426,21508.71,7176,5
1496440801,23.54,55.382,100.1494,7719.84,7203,5
1496441701,26.43,37.56,100.1581,19327.42,7216,5
1496442601,19.68,50.603,100.1757,4071.37,7241,5
1496443501,16.91,72.78,100.1993,3416.61,7249,5
1496444401,16.56,73.085,100.2086,5123.06,7265,5
1496445301,15.21,81.518,100.2395,3177.34,7279,5
1496446201,15.28,86.412,100.2544,3414.76,7298,5
1496447101,14.32,76.392,100.2658,1663.79,7317,5
1496448001,11.92,90.492,100.2953,838.39,7313,5
1496448901,12.86,81.5,100.3119,313.47,7341,5
1496449801,10.55,91.423,100.3361,55.65,7354,5
1496450701,8.54,95.591,100.3552,3.71,7396,5
1496451601,7.37,96.719,100.3732,0,7412,5
1496452501,6.26,97.392,100.3882,0,7430,5
1496453401,5.67,98.143,100.4115,0,7445,5
1496454301,5.24,98.625,100.4327,0,7459,5
1496455201,4.94,99.13,100.4402,0,7480,5
1496456101,4.78,99.54,100.4628,0,7524,5
1496457001,4.32,100,100.4607,0,7563,5
1496457901,3.94,100,100.4585,0,7577,5
1496458801,3.69,100,100.4589,0,7577,5
1496459701,3.84,100,100.4477,0,7598,5
1496460601,3.4,100,100.4608,0,7659,5
1496461501,3.18,100,100.4615,0,7618,5
1496462401,2.98,100,100.4551,0,7633,5
1496463301,2.77,100,100.4536,0,7647,5
1496464201,-100,-100,-100,0,7688,5
1496465101,2.04,100,100.4333,0,7680,5
1496466001,1.95,100,100.4291,0,7683,5
1496466901,1.75,100,100.4235,0,7697,5
1496467801,1.68,100,100.4049,0,7750,5
1496468701,1.52,100,100.3931,0,7720,5
1496469601,1.52,100,100.3857,0,7726,5
1496470501,1.28,100,100.3867,0,7741,5
1496471401,1.19,100,100.3875,0,7749,5
1496472301,1.15,100,100.3836,0,7778,5
1496473201,1.19,100,100.3607,0,7783,5
1496474101,1.13,100,100.368,0,7812,5
1496475001,0.85,100,100.3888,0,7824,5
1496475901,0.68,100,100.389,0,7835,5
1496476801,0.53,100,100.3893,0,7842,5
1496477701,0.47,100,100.3949,0,7850,5
1496478601,0.36,100,100.4026,0,7838,5
1496479501,0.26,100,100.4011,1.85,7892,5
1496480401,0.3,100,100.4192,37.1,7873,5
1496481301,0.22,0,100.4243,268.95,7885,5
1496482201,0.67,100,100.4201,1085.08,7885,5
1496483101,2.45,100,100.4215,2752.58,7891,5
1496484001,3.84,100,100.4252,3698.55,7896,5
1496484901,5.17,100,100.4265,4364.44,7894,5
1496485801,-100,-100,-100,4329.19,7916,5
1496486701,-100,-100,-100,3485.24,7915,5
1496487601,-100,-100,-100,5340.08,7912,5
1496488501,9.39,100,100.4479,11902.5,7883,5
1496489401,-100,-100,-100,14315.65,7890,5
1496490301,12.46,100,100.4162,14569.76,7838,5
1496491201,-100,-100,-100,16977.34,7843,5
1496492101,-100,-100,-100,18132.9,7816,5
1496493001,-100,-100,-100,18642.98,7787,5
1496493901,16.64,80.055,100.3847,21072.82,7738,5
1496494801,-100,-100,-100,17769.35,7723,5
1496495701,-100,-100,-100,20718.55,7695,5
1496496601,-100,-100,-100,34869.11,7663,5
1496497501,-100,-100,-100,55042.34,7651,5
1496498401,21.41,50.283,100.3246,30037.26,7580,5
1496499301,-100,-100,-100,10168.23,7581,5
1496500201,16.56,66.029,100.3667,11750.4,7550,5
1496501101,-100,-100,-100,9836.21,7567,5
1496502001,-100,-100,-100,22412.02,7609,5
1496502901,-100,-100,-100,24276.13,7551,5
1496503801,-100,-100,-100,35787.26,7528,5
1496504701,-100,-100,-100,29677.42,7503,5
1496505601,23.84,60.231,100.3048,80650.24,7444,5
1496506501,26.8,51.754,100.2756,101552.42,7370,5
1496507401,26.57,41.651,100.2485,77244.76,7313,5
1496508301,29.94,38.576,100.25,116647.1,7202,5
1496509201,30.51,34.977,100.2285,86389.11,7109,5
1496511001,28.56,33.669,100.2211,67475.32,7042,5
1496511901,31.43,27.693,100.2056,117012.5,6978,5
1496512801,32.62,31.911,100.1927,114460.24,6913,5
1496513701,30.46,31.046,100.1756,21736.85,6882,5
1496514601,23.63,42.037,100.1833,22271.05,6891,5
1496515501,28.74,34.967,100.1902,99200.48,6908,5
1496516401,26.62,38.145,100.1822,22462.1,6911,5
1496517301,29.93,31.516,100.1773,23623.23,6910,5
1496518201,33.02,28.043,100.1722,87346.21,6907,5
1496519101,26.82,46.697,100.1816,23814.27,6903,5
1496520001,24.11,47.672,100.1925,19885.73,6906,5
1496521801,23.29,46.614,100.1964,20017.42,6922,5
1496522701,23.3,53.866,100.1995,21712.74,6926,5
1496523601,26.88,34.013,100.1918,10435.32,6934,5
1496524501,-100,-100,-100,14100.48,6965,5
1496525401,22.75,56.128,100.1944,11687.34,6952,5
1496526301,20.28,68.478,100.1982,8563.79,6958,5
1496527201,21.09,64.437,100.2084,6074.6,6970,5
1496528101,19.22,67.403,100.2207,5571.94,6976,5
1496529001,19.46,73.985,100.2291,6749.76,6988,5
1496529901,-100,-100,-100,6516.05,7020,5
1496530801,18.63,77.062,100.2619,4900.48,7013,5
1496531701,-100,-100,-100,3327.58,7024,5
1496532601,-100,-100,-100,2281.45,7083,5
1496533501,16,91.312,100.3043,1031.29,7026,5
1496534401,15.27,92.965,100.3275,784.6,7035,5
1496535301,12.91,93.744,100.3461,307.9,7042,5
1496536201,10.06,95.858,100.3816,55.65,7119,5
1496537101,9.45,98.008,100.4054,3.71,7113,5
1496538001,8.85,98.359,100.4204,0,7128,5
1496538901,8.22,98.763,100.4363,0,7150,5
1496539801,7.74,99.063,100.4471,0,7176,5
1496540701,6.56,99.158,100.4731,0,7203,5
1496541601,5.94,99.541,100.4859,0,7211,5
1496542501,5.39,99.808,100.499,0,7237,5
1496543401,5.1,100,100.5094,0,7257,5
1496544301,4.85,100,100.5289,0,7268,5
1496545201,4.74,100,100.5233,0,7290,5
1496546101,4.42,100,100.5275,0,7279,5
1496547001,4.85,100,100.5485,0,7296,5
1496547901,5.35,100,100.5668,0,7299,5
1496548801,4.87,100,100.5512,0,7314,5
1496549701,4.32,100,100.5532,0,7328,5
1496550601,4.3,100,100.5554,0,7333,5
1496551501,4.2,100,100.5435,0,7347,5
1496552401,3.76,100,100.5586,0,7366,5
1496553301,3.57,100,100.5529,0,7387,5
1496554201,3.46,100,100.5755,0,7386,5
1496555101,3.18,100,100.5841,0,7390,5
1496556001,2.91,100,100.5871,0,7418,5
1496556901,2.72,100,100.5781,0,7431,5
1496557801,2.53,100,100.594,0,7447,5
1496558701,2.41,100,100.5934,0,7463,5
1496559601,2.39,100,100.6048,0,7468,5
1496560501,2.27,100,100.62,0,7451,5
1496561401,2.04,100,100.6256,0,7495,5
1496562301,2.14,100,100.6423,0,7505,5
1496563201,2.05,100,100.6504,0,7515,5
1496564101,1.89,100,100.6555,0,7517,5
1496565001,1.79,100,100.6572,0,7528,5
1496565901,1.56,100,100.6566,0,7524,5
1496566801,1.61,100,100.6586,25.97,7580,5
1496567701,2.24,100,100.6523,304.19,7537,5
1496568601,3.2,100,100.652,890.32,7559,5
1496569501,4.32,100,100.6451,1372.58,7558,5
1496570401,5.57,100,100.6421,1851.13,7554,5
1496571301,6.57,100,100.6449,2537.42,7553,5
1496572201,6.19,100,100.6525,1493.15,7549,5
1496573101,6.38,100,100.6477,1621.13,7548,5
1496574001,7.55,100,100.6475,2650.56,7545,5
1496574901,9.84,100,100.6315,3882.18,7536,5
1496575801,11.22,100,100.623,3850.65,7530,5
1496576701,12.71,100,100.6158,4835.56,7525,5
1496577601,-100,-100,-100,5980,7508,5
1496578501,14.99,94.208,100.606,5566.37,7459,5
1496579401,16.56,84.933,100.6193,20125,7472,5
1496580301,17.16,81.075,100.6143,4418.23,7451,5
1496581201,20.77,68.866,100.6011,33359.27,7413,5
1496582101,-100,-100,-100,63394.68,7401,5
1496583001,-100,-100,-100,48281.45,7309,5
1496583901,-100,-100,-100,75562.42,7243,5
1496584801,-100,-100,-100,34351.61,7174,5
1496585701,27.21,49.548,100.5655,41496.45,7102,5
1496586601,29.11,40.947,100.548,74642.42,7065,5
1496587501,32.53,33.953,100.5473,96870.81,6976,5
1496588401,34.46,35.455,100.5416,100958.87,6889,5
1496589301,34.06,38.856,100.5351,97325.24,6829,5
1496590201,34.36,35.32,100.519,87885.97,6768,5
1496591101,33.17,28.738,100.4914,68909.11,6717,5
1496592001,-100,-100,-100,60736.69,6723,5
1496592901,29.45,46.476,100.4418,32474.52,6692,5
1496593801,25.41,44.213,100.43,27826.29,6696,5
1496594701,25.45,51.735,100.4029,26305.32,6722,5
1496595601,26.07,49.378,100.3792,29295.32,6731,5
1496596501,26.33,51.405,100.3525,26347.98,6734,5
1496597401,24.43,62.721,100.3507,17452.18,6739,5
1496598301,-100,-100,-100,17090.48,6755,5
1496599201,-100,-100,-100,17778.63,6765,5
1496600101,-100,-100,-100,14180.24,6779,5
1496601001,-100,-100,-100,13058.06,6784,5
1496601901,22.04,71.632,100.377,13243.55,6771,5
1496602801,-100,-100,-100,24214.92,6795,5
1496603701,-100,-100,-100,13560.73,6797,5
1496604601,-100,-100,-100,8806.77,6802,5
1496605501,21.13,80.586,100.3442,11537.1,6788,5
1496606401,20.66,68.926,100.329,10988.06,6788,5
1496607301,19.63,79.775,100.333,8725.16,6776,5
1496608201,19.5,83.605,100.3204,10594.84,6774,5
1496609101,18.33,84.235,100.3161,11644.68,6829,5
1496610001,17.43,92.089,100.3329,7725.4,6799,5
1496610901,16.99,93.951,100.3213,6224.84,6790,5
1496611801,16.37,97.434,100.336,3461.13,6810,5
1496612701,15.99,98.127,100.3361,3609.52,6808,5
1496613601,15.03,98.671,100.325,1877.1,6816,5
1496614501,14.85,100,100.3206,1472.74,6838,5
1496615401,14.68,100,100.3225,2101.53,6848,5
1496616301,14.65,100,100.3254,1218.63,6858,5
1496617201,14.3,100,100.3489,836.53,6868,5
1496618101,14.04,100,100.3547,1116.61,6877,5
1496619001,13.58,100,100.3783,543.47,6895,5
1496619901,13.38,100,100.3797,361.69,6914,5
1496620801,13.15,100,100.368,166.94,6922,5
1496621701,13.1,100,100.3545,37.1,6940,5
1496622601,13.11,100,100.3428,7.42,6955,5
1496623501,13.12,100,100.3367,0,6968,5
1496624401,13.12,100,100.3113,0,6980,5
1496625301,13.1,100,100.3058,0,6994,5
1496626201,13.11,100,100.3019,0,7016,5
1496627101,13.12,100,100.3026,0,7032,5
1496628001,13.19,100,100.2954,0,7046,5
1496628901,13.19,100,100.2943,0,7057,5
1496629801,13.27,100,100.2752,0,7067,5
1496630701,13.23,100,100.2674,0,7069,5
1496631601,13.23,100,100.268,0,7067,5
1496632501,13.18,100,100.2609,0,7076,5
1496633401,13.22,100,100.2416,0,7043,5
1496634301,13.22,100,100.2332,0,7039,5
1496635201,13.18,100,100.2323,0,7055,5
1496636101,13.17,100,100.2392,0,7096,5
1496637001,13.2,100,100.2086,0,7049,5
1496637901,13.14,100,100.1833,0,7050,5
1496638801,13.13,100,100.1596,0,7062,5
1496639701,12.96,100,100.1347,0,7075,5
1496640601,12.96,100,100.1366,0,7071,5
1496641501,12.97,100,100.1444,0,7075,5
1496642401,12.97,100,100.1254,0,7072,5
1496643301,12.78,100,100.1245,0,7073,5
1496644201,12.88,100,100.1001,0,7078,5
1496645101,12.9,100,100.0702,0,7083,5
1496646001,12.84,100,100.0505,0,7090,5
1496646901,12.82,100,100.0164,0,7087,5
1496647801,12.65,100,99.988,0,7088,5
1496648701,12.79,100,99.9784,0,7088,5
1496649601,12.69,100,99.9471,0,7086,5
1496650501,12.52,100,99.9358,0,7087,5
1496651401,12.61,100,99.9149,0,7128,5
1496652301,12.51,100,99.9043,0,7086,5
1496653201,12.58,100,99.9105,3.71,7088,5
1496654101,12.65,100,99.9172,20.4,7085,5
1496655001,12.68,100,99.9634,72.34,7082,5
1496655901,12.71,100,99.9803,161.37,7077,5
1496656801,12.93,100,99.956,387.66,7072,5
1496657701,13.14,100,99.9472,686.29,7066,5
1496658601,13.27,100,99.9398,1103.63,7060,5
1496659501,13.4,100,99.948,869.92,7054,5
1496660401,13.39,100,99.9446,1086.94,7049,5
1496661301,13.77,100,99.9191,2018.06,7047,5
1496662201,14.57,100,99.8942,4804.03,7041,5
1496663101,14.54,100,99.904,3672.58,7034,5
1496664001,14.86,100,99.9146,4954.27,7027,5
1496664901,14.84,100,99.9237,4327.34,7020,5
1496665801,14.76,100,99.9302,4316.21,7013,5
1496666701,14.86,100,99.9292,5709.19,7006,5
1496667601,15.23,100,99.9316,7117.02,7001,5
1496668501,15.81,100,99.9249,9426.29,6991,5
1496669401,15.87,99.697,99.9438,9578.39,6982,5
1496670301,15.99,99.374,99.9771,11754.11,6972,5
1496671201,16.04,97.264,99.9645,11040,6964,5
1496672101,16.62,97.467,99.976,13269.52,6956,5
1496673001,18.4,91.275,99.9529,17695.16,6944,5
1496673901,17.35,95.224,99.9657,11987.82,6928,5
1496674801,17.71,93.565,99.9677,15205.97,6917,5
1496675701,17.61,95.093,99.9836,11205.08,6906,5
1496676601,17.75,93.078,99.9816,15567.66,6892,5
1496677501,18.56,92.103,99.9677,15052.02,6884,5
1496678401,18.47,95.068,99.9655,11972.98,6915,5
1496679301,18.37,92.547,99.9596,12503.47,6861,5
1496680201,18.5,89.984,99.9636,20419.92,6857,5
1496681101,18.93,89.253,99.9699,19039.92,6826,5
1496682001,18.67,88.131,99.9619,17381.69,6804,5
1496682901,19.35,89.494,99.9532,14317.5,6789,5
1496683801,19.23,86.829,99.962,16467.26,6771,5
1496684701,19.52,89.604,99.9686,14530.81,6760,5
1496685601,18.84,90.239,99.9546,12622.18,6758,5
1496686501,18.34,87.966,99.9411,10461.29,6753,5
1496687401,17.56,92.017,99.9492,10034.68,6753,5
1496688301,17.34,94.541,99.9506,8289.27,6753,5
1496689201,17.11,94.503,99.9468,6920.4,6759,5
1496690101,16.58,91.934,99.9381,6751.61,6775,5
1496691001,17.19,93.302,99.9111,9481.94,6775,5
1496691901,16.64,95.104,99.9271,7241.29,6777,5
1496692801,15.71,94.25,99.9524,4138.15,6791,5
1496693701,15.5,94.6,99.9575,3283.06,6799,5
1496694601,15.57,96.779,99.957,5382.74,6803,5
1496695501,16.08,96.496,99.9187,5160.16,6778,5
1496696401,15.76,96.919,99.9294,4030.56,6768,5
1496697301,15.47,96.461,99.9136,3971.21,6764,5
1496698201,15.04,97.678,99.916,3099.44,6741,5
1496699101,15.21,98.01,99.9048,3986.05,6742,5
1496700001,14.8,97.81,99.9009,2231.37,6743,5
1496700901,14.36,97.962,99.9045,1617.42,6746,5
1496701801,14.08,98.696,99.8879,1739.84,6751,5
1496702701,13.9,99.179,99.9064,719.68,6755,5
1496703601,13.63,100,99.9157,790.16,6761,5
1496704501,13.45,99.525,99.944,409.92,6747,5
1496705401,13.31,100,99.9634,287.5,6751,5
1496706301,13.16,100,99.9609,183.63,6756,5
1496707201,13.11,100,99.9579,113.15,6765,5
1496708101,12.94,100,99.9617,24.11,6765,5
1496709001,12.88,100,99.9435,7.42,6822,5
1496709901,12.68,100,99.9439,0,6784,5
1496710801,12.66,100,99.9453,0,6798,5
1496711701,12.23,100,100.0748,0,6715,5
1496712601,12.21,100,100.1016,0,6761,5
1496713501,12.21,100,100.133,0,6800,5
1496714401,12.34,100,100.191,0,6843,5
1496715301,12.26,100,100.1873,0,6871,5
1496716201,12.13,100,100.1596,0,6891,5
1496717101,12.02,100,100.1427,0,6918,5
1496718001,11.99,100,100.1396,0,6939,5
1496718901,12.01,100,100.1553,0,6955,5
1496719801,11.92,100,100.1387,0,6973,5
1496720701,11.93,100,100.1495,0,7039,5
1496721601,11.94,100,100.1615,0,7002,5
1496722501,11.9,100,100.1474,0,7010,5
1496723401,11.92,100,100.1659,0,7015,5
1496724301,11.93,100,100.1755,0,7022,5
1496725201,11.89,100,100.169,0,7034,5
1496726101,12,100,100.1983,0,7064,5
1496727001,11.89,100,100.161,0,7078,5
1496727901,11.81,100,100.1326,0,7088,5
1496728801,11.73,100,100.1086,0,7055,5
1496729701,11.63,100,100.0798,0,7034,5
1496730601,11.64,100,100.0827,0,7031,5
1496731501,11.54,100,100.0534,0,7033,5
1496732401,11.47,100,100.0336,0,6979,5
1496733301,11.36,100,100.0021,0,6985,5
1496734201,11.34,100,99.991,0,6990,5
1496735101,11.32,100,99.9853,0,6998,5
1496736001,11.37,100,100.0004,0,7007,5
1496736901,11.22,100,99.9264,0,7015,5
1496737801,11.07,100,99.7182,0,7021,5
1496738701,11.06,100,99.6917,0,7026,5
1496739601,10.97,100,99.7037,7.42,7034,5
1496740501,10.89,100,99.7002,61.21,7040,5
1496741401,10.79,100,99.7079,120.56,7049,5
1496742301,10.7,100,99.6974,606.53,7055,5
1496743201,10.68,100,99.706,721.53,7059,5
1496744101,10.58,100,99.7432,580.56,7061,5
1496745001,10.4,100,99.7956,487.82,7064,5
1496745901,10.39,100,99.8093,1155.56,7067,5
1496746801,10.54,100,99.821,678.87,7073,5
1496747701,10.64,100,99.8196,1380,7079,5
1496748601,10.52,100,99.8273,1350.32,7079,5
1496749501,10.63,100,99.8448,1600.73,7078,5
1496750401,10.72,100,99.8448,2338.95,7079,5
1496751301,10.89,100,99.8307,2279.6,7129,5
1496752201,11.05,100,99.8364,1964.27,7082,5
1496753101,10.87,100,99.8566,1572.9,7084,5
1496754001,10.93,100,99.8807,2785.97,7085,5
1496754901,10.69,100,99.8938,2876.85,7070,5
1496755801,10.8,100,99.8983,4572.18,7033,5
1496756701,10.71,100,99.9051,5534.84,7047,5
1496757601,11.01,100,99.8949,4596.29,7079,5
1496758501,10.98,100,99.9119,3648.47,7100,5
1496759401,11.34,100,99.9459,4551.77,7117,5
1496760301,10.97,100,99.9828,2997.42,7130,5
1496761201,11.51,100,99.8361,11145.73,7141,5
1496762101,12.22,100,99.8285,13206.45,7148,5
1496763001,13.34,100,99.7907,17884.35,7191,5
1496763901,14.75,96.295,99.8645,19978.47,7133,5
1496764801,15.64,91.401,99.9061,23116.85,7118,5
1496765701,13.99,96.533,99.9226,15673.39,7108,5
1496766601,15.32,91.818,99.9006,22716.21,7093,5
1496767501,13.14,96.846,99.9355,9572.82,7078,5
1496768401,12.9,98.834,99.9284,8547.1,7068,5
1496769301,13.17,95.604,99.9091,19537.02,7010,5
1496770201,13.06,96.013,99.9128,8524.84,7002,5
1496771101,13.06,94.808,99.9141,11971.13,7004,5
1496772001,12.82,97.483,99.9136,13067.34,7011,5
1496772901,11.95,98.331,99.9177,10075.48,7007,5
1496773801,11.47,98.59,99.923,5775.97,7012,5
1496774701,11.77,100,99.9392,14462.18,7014,5
1496775601,11.2,99.612,99.9714,9726.77,7015,5
1496776501,12.4,100,99.9587,13731.37,7029,5
1496777401,10.9,100,100.0059,5570.08,7036,5
1496778301,10.66,100,100.0778,10802.58,7045,5
1496779201,10.8,100,100.1069,6796.13,7052,5
1496780101,10.19,100,100.138,2795.24,7059,5
1496781001,10.19,100,100.1216,6048.63,7069,5
1496781901,10.05,100,100.1445,3500.08,7078,5
1496782801,11.01,100,100.1412,18273.87,7106,5
1496783701,11.36,99.983,100.1259,13948.39,7102,5
1496784601,11.15,99.785,100.1308,9140.65,7102,5
1496785501,10.41,100,100.1258,5529.27,7101,5
1496786401,10.54,100,100.1286,5877.98,7098,5
1496787301,10.97,100,100.1482,9934.52,7099,5
1496788201,11.18,100,100.1634,11054.84,7098,5
1496789101,11.18,100,100.1779,7235.73,7096,5
1496790001,10.66,100,100.1971,4657.5,7096,5
1496790901,10.5,100,100.2203,3692.98,7096,5
1496791801,10.41,100,100.2349,2405.73,7096,5
1496792701,10.05,100,100.2412,1218.63,7098,5
1496793601,9.85,100,100.272,578.71,7099,5
1496794501,9.62,100,100.2948,170.65,7100,5
1496795401,9.52,100,100.2897,44.52,7105,5
1496796301,9.35,100,100.2907,3.71,7111,5
1496797201,9.37,100,100.3128,0,7115,5
1496798101,9.33,100,100.309,0,7118,5
1496799001,9.3,100,100.3381,0,7123,5
1496799901,9.34,100,100.3446,0,7126,5
1496800801,9.34,100,100.3617,0,7127,5
1496801701,9.32,100,100.3697,0,7129,5
1496802601,9.48,100,100.3893,0,7132,5
1496803501,9.51,100,100.3849,0,7136,5
1496804401,9.57,100,100.3938,0,7136,5
1496805301,9.55,100,100.39,0,7140,5
1496806201,9.47,100,100.3849,0,7146,5
1496807101,9.43,100,100.3888,0,7147,5
1496808001,9.48,100,100.3884,0,7148,5
1496808901,9.53,100,100.3966,0,7149,5
1496809801,9.57,100,100.3821,0,7152,5
1496810701,9.51,100,100.3963,0,7156,5
1496811601,9.56,100,100.3843,0,7156,5
1496812501,9.63,100,100.3914,0,7157,5
1496813401,9.64,100,100.3894,0,7159,5
1496814301,9.6,100,100.381,0,7160,5
1496815201,9.51,100,100.3746,0,7158,5
1496816101,9.45,100,100.3785,0,7161,5
1496817001,9.46,100,100.379,0,7164,5
1496817901,9.39,100,100.3769,0,7165,5
1496818801,9.32,100,100.3581,0,7168,5
1496819701,9.28,100,100.3614,0,7169,5
1496820601,9.29,100,100.3621,0,7171,5
1496821501,9.06,100,100.3476,0,7174,5
1496822401,8.5,100,100.3457,0,7179,5
1496823301,8.4,100,100.3379,0,7184,5
1496824201,8.51,100,100.3535,0,7185,5
1496825101,8.69,100,100.3577,1.85,7186,5
1496826001,8.68,100,100.3477,44.52,7188,5
1496826901,8.76,100,100.3623,263.39,7189,5
1496827801,9.04,100,100.367,656.61,7191,5
1496828701,9.43,100,100.368,1480.16,7194,5
1496829601,9.89,100,100.3963,2739.6,7191,5
1496830501,10.41,100,100.3954,4757.66,7199,5
1496831401,10.91,100,100.4039,7031.69,7203,5
1496832301,11.91,100,100.4033,9702.66,7204,5
1496833201,12.56,100,100.4059,10030.97,7201,5
1496834101,12.65,100,100.413,10448.31,7194,5
1496835001,12.96,100,100.421,15628.87,7185,5
1496835901,14.29,98.123,100.4434,18066.13,7173,5
1496836801,14.04,97.71,100.4676,13818.55,7170,5
1496837701,13.95,97.306,100.4946,14614.27,7158,5
1496838601,15.12,95.336,100.5085,19090,7148,5
1496839501,15.96,92.923,100.5127,16775.16,7134,5
1496840401,17.42,90.471,100.5174,28089.68,7115,5
1496841301,17.74,89.236,100.5178,24925.32,7090,5
1496842201,18.49,86.784,100.5177,26991.61,7054,5
1496843101,18.16,84.316,100.517,27598.15,7014,5
1496844001,20.19,80.328,100.5218,40522.66,6983,5
1496844901,21.48,72.669,100.5032,41650.4,6941,5
1496845801,21.38,78.439,100.498,40097.9,6908,5
1496846701,23.07,63.442,100.4937,52677.42,6876,5
1496847601,24.26,70.74,100.4772,50753.95,6811,5
1496848501,24.86,65.755,100.4715,41362.9,6801,5
1496849401,27.93,50.539,100.4721,52775.73,6769,5
1496850301,27.32,53.076,100.471,99601.13,6725,5
1496851201,27.18,59.486,100.4628,38916.37,6671,5
1496852101,25.1,59.597,100.4538,50772.5,6656,5
1496853001,28.41,53.147,100.4517,106961.13,6622,5
1496853901,28.45,48.19,100.4269,31921.77,6583,5
1496854801,29.52,49.024,100.4352,51330.81,6554,5
1496855701,31.99,35.622,100.4181,78819.52,6537,5
1496856601,32.93,39.801,100.402,75801.69,6507,5
1496857501,25.38,61.023,100.4089,23691.85,6407,5
1496858401,33.15,41.345,100.3854,107198.55,6388,5
1496859301,26.4,49.096,100.3853,12032.34,6403,5
1496860201,32.81,34.414,100.3779,64730.16,6336,5
1496861101,35.38,26.509,100.3808,94259.19,6285,5
1496862001,35.7,25.185,100.3715,89139.84,6266,5
1496862901,35.3,27.799,100.3768,82204.6,6154,5
1496863801,35.35,32.894,100.3683,76660.48,6136,5
1496864701,30.7,26.724,100.3665,22564.11,6128,5
1496865601,28.02,30.145,100.3707,21046.85,6133,5
1496866501,31.12,50.022,100.3617,26527.9,6143,5
1496867401,28.64,35.04,100.3856,33707.98,6153,5
1496868301,26.57,45.226,100.3967,20175.08,6181,5
1496869201,26.95,47.883,100.4115,13787.02,6198,5
1496870101,27.38,50.331,100.4359,11941.45,6216,5
1496871001,24.7,47.848,100.4323,4878.23,6232,5
1496871901,25.51,58.238,100.437,9570.97,6432,5
1496872801,27.81,34.655,100.4387,18665.24,6394,5
1496873701,24.63,55.224,100.4549,3943.39,6382,5
1496874601,19.36,72.271,100.4621,3472.26,6419,5
1496875501,16.94,84.711,100.4856,2964.03,6369,5
1496876401,15.09,92.959,100.5004,2596.77,6390,5
1496877301,13.43,97.105,100.5065,2181.29,6379,5
1496878201,12.02,98.639,100.5156,1817.74,6381,5
1496879101,11.17,100,100.5499,1378.15,6376,5
1496880001,10.44,100,100.5545,851.37,6447,5
1496880901,9.25,100,100.5583,365.4,6437,5
1496881801,8.38,100,100.581,81.61,6473,5
1496882701,7.65,100,100.5969,7.42,6495,5
1496883601,7.11,100,100.6182,0,6518,5
1496884501,6.84,100,100.6452,0,6575,5
1496885401,6.54,100,100.671,0,6595,5
1496886301,6.25,100,100.6809,0,6623,5
1496887201,5.93,100,100.689,0,6611,5
1496888101,5.6,100,100.6985,0,6637,5
1496889001,5.33,100,100.7021,0,6656,5
1496889901,5.06,100,100.7047,0,6677,5
1496890801,4.75,100,100.7223,0,6680,5
1496891701,4.64,100,100.7223,0,6674,5
1496892601,4.41,100,100.7325,0,6694,5
1496893501,4.19,100,100.7292,0,6728,5
1496894401,3.99,100,100.7209,0,6757,5
1496895301,3.84,100,100.7121,0,6773,5
1496896201,3.58,100,100.7209,0,6781,5
1496897101,3.46,100,100.7119,0,6790,5
1496898001,3.3,100,100.7008,0,6803,5
1496898901,3.15,100,100.6981,0,6817,5
1496899801,3.08,100,100.6975,0,6829,5
1496900701,2.93,100,100.6978,0,6840,5
1496901601,2.81,100,100.7094,0,6836,5
1496902501,2.67,100,100.704,0,6836,5
1496903401,2.57,100,100.7015,0,6845,5
1496904301,2.34,100,100.6999,0,6873,5
1496905201,2.25,100,100.7037,0,6869,5
1496906101,2.21,100,100.6993,0,6880,5
1496907001,2.15,100,100.6897,0,6888,5
1496907901,1.94,100,100.6867,0,6893,5
1496908801,1.88,100,100.6832,0,6909,5
1496909701,1.76,100,100.6885,0,6911,5
1496910601,1.65,100,100.6798,0,6915,5
1496911501,1.65,100,100.6804,1.85,6930,5
1496912401,1.53,100,100.6921,48.23,6938,5
1496913301,1.6,100,100.6995,313.47,6955,5
1496914201,1.82,100,100.7025,892.18,6965,5
1496915101,2.11,100,100.7186,1550.65,6972,5
1496916001,2.6,100,100.7193,2133.06,6977,5
1496916901,3.12,100,100.7229,2607.9,6982,5
1496917801,4.12,100,100.7223,3021.53,6992,5
1496918701,5.35,100,100.7325,3412.9,7003,5
1496919601,6.44,100,100.7389,3705.97,7013,5
1496920501,7.69,100,100.7468,4076.94,7022,5
1496921401,8.92,100,100.75,4395.97,7024,5
1496922301,10.14,100,100.751,4622.26,7027,5
1496923201,11.52,100,100.7521,5119.35,7048,5
1496924101,12.97,100,100.7493,9990.16,7029,5
1496925001,15.4,100,100.7553,30280.24,7061,5
1496925901,16.39,100,100.7492,12006.37,7015,5
1496926801,18.61,80.688,100.7335,50375.56,6987,5
1496927701,22.64,76.468,100.7235,38402.58,6939,5
1496928601,24.62,57.786,100.7059,39083.31,6875,5
1496929501,26.6,55.149,100.6938,49075.32,6819,5
1496930401,26.52,52.868,100.6701,38226.37,6770,5
1496931301,25.25,64.482,100.6714,37449.19,6728,5
1496932201,27.59,58.632,100.6616,50451.61,6701,5
1496933101,32.63,47.124,100.6413,91172.74,6674,5
1496934001,32.04,39.02,100.6105,75790.56,6533,5
1496934901,34.44,36.637,100.6168,100830.89,6478,5
1496935801,37.27,34.924,100.6009,108469.11,6486,5
1496936701,37.86,31.786,100.5893,113592.18,6401,5
1496937601,36.96,38.403,100.5762,110878.55,6285,5
1496938501,38.3,36.373,100.5781,111796.69,6271,5
1496939401,37.6,32.54,100.5436,113273.15,6211,5
1496940301,39.53,34.801,100.5344,115621.37,6162,5
1496941201,38.96,32.6,100.5163,117643.15,6107,5
1496942101,35.66,35.827,100.4884,54964.44,6086,5
1496943001,31.51,37.268,100.482,61482.34,6093,5
1496943901,31.49,35.041,100.4667,47116.61,6080,5
1496944801,31.53,48.057,100.4425,46113.15,6075,5
1496945701,34.83,32.066,100.4246,91899.84,6067,5
1496946601,34.16,33.575,100.4261,59579.27,6058,5
1496947501,32.79,42.111,100.4153,36492.1,6052,5
1496948401,28.84,56.8,100.417,33845.24,6035,5
1496949301,26.77,56.848,100.4141,28277.02,6032,5
1496950201,28.14,56.974,100.4032,33361.13,6022,5
1496951101,24.58,62.799,100.3811,18939.76,6029,5
1496952001,22.68,59.177,100.3617,15769.84,6057,5
1496952901,22.5,72.063,100.3615,15267.18,6073,5
1496953801,21.9,57.694,100.3627,15167.02,6094,5
1496954701,21.4,73.862,100.3475,12948.63,6112,5
1496955601,20.37,77.017,100.3179,10804.44,6134,5
1496956501,20.64,71.899,100.2966,12477.5,6143,5
1496957401,20.6,71.804,100.2834,11281.13,6154,5
1496958301,19.48,72.291,100.2686,8484.03,6165,5
1496959201,18.73,80.896,100.2619,7450.89,6179,5
1496960101,18.08,82.841,100.2509,6592.1,6193,5
1496961001,17.33,82.692,100.2756,4894.92,6211,5
1496961901,16.69,89.169,100.2547,3935.97,6222,5
1496962801,16.01,93.088,100.2344,2337.1,6235,5
1496963701,15.35,94.687,100.2396,2175.73,6245,5
1496964601,14.44,95.967,100.2576,1294.68,6255,5
1496965501,13.76,99.028,100.2411,855.08,6271,5
1496966401,13.14,99.454,100.2103,443.31,6294,5
1496967301,12.22,99.854,100.1861,124.27,6300,5
1496968201,11.57,100,100.1648,35.24,6317,5
1496969101,11.14,100,100.1508,1.85,6327,5
1496970001,10.78,100,100.1364,0,6339,5
1496970901,10.53,100,100.1222,0,6396,5
1496971801,10.29,100,100.1315,0,6361,5
1496972701,10,100,100.1341,0,6383,5
1496973601,9.76,100,100.1372,0,6397,5
1496974501,9.43,100,100.1135,0,6407,5
1496975401,9.23,100,100.1197,0,6416,5
1496976301,8.86,100,100.0665,0,6431,5
1496977201,7.94,100,100.0612,0,6434,5
1496978101,7.22,100,100.0246,0,6445,5
1496979001,7.66,100,99.9937,0,6462,5
1496979901,8.55,100,99.9562,0,6477,5
1496980801,8.92,100,99.9321,0,6487,5
1496981701,9.31,100,99.9025,0,6497,5
1496982601,9.33,100,99.8815,0,6504,5
1496983501,9.42,100,99.8742,0,6514,5
1496984401,9.64,100,99.8509,0,6520,5
1496985301,9.7,100,99.8385,0,6529,5
1496986201,9.66,100,99.8208,0,6534,5
1496987101,9.8,100,99.7876,0,6541,5
1496988001,9.69,100,99.7845,0,6543,5
1496988901,9.68,100,99.7694,0,6550,5
1496989801,9.72,100,99.7316,0,6559,5
1496990701,9.38,100,99.7311,0,6564,5
1496991601,9.62,100,99.7038,0,6570,5
1496992501,9.56,100,99.6638,0,6572,5
1496993401,9.75,100,99.6548,0,6576,5
1496994301,10.04,100,99.6222,0,6580,5
1496995201,10.26,100,99.618,0,6584,5
1496996101,10.63,100,99.594,0,6587,5
1496997001,10.9,100,99.5816,0,6589,5
1496997901,10.55,100,99.5756,1.85,6589,5
1496998801,9.73,100,99.5645,25.97,6594,5
1496999701,8.82,100,99.5691,170.65,6599,5
1497000601,7.81,100,99.5801,454.44,6603,5
1497001501,9.67,100,99.5842,1467.18,6609,5
1497002401,10.34,100,99.5722,2340.81,6613,5
1497003301,8.77,100,99.5653,1502.42,6615,5
1497004201,8.28,100,99.5747,1673.06,6623,5
1497005101,8.73,100,99.5892,2719.19,6624,5
1497006001,9.37,100,99.5831,2876.85,6631,5
1497006901,10.31,100,99.5712,3056.77,6635,5
1497007801,10.66,100,99.5573,3245.97,6641,5
1497008701,11.43,100,99.5593,3414.76,6644,5
1497009601,12.42,100,99.5508,3778.31,6648,5
1497010501,13.4,100,99.5589,5380.89,6650,5
1497011401,15.27,92.429,99.5685,5581.21,6649,5
1497012301,16.08,86.226,99.559,8079.68,6637,5
1497013201,19.73,75.53,99.547,45506.61,6627,5
1497014101,26.01,61.517,99.5467,63863.95,6595,5
1497015001,21.71,56.841,99.5538,26533.47,6562,5
1497015901,25.26,40.416,99.5446,36503.23,6527,5
1497016801,23.4,61.622,99.5413,29901.85,6497,5
1497017701,23.99,54.13,99.5407,34461.05,6481,5
1497018601,26.25,47.796,99.5277,31970,6462,5
1497019501,26.51,58.686,99.5446,32949.35,6444,5
1497020401,24.85,52.414,99.5517,32222.26,6429,5
1497021301,25.36,43.822,99.5564,43709.27,6456,5
1497022201,29.17,34.586,99.5348,49231.13,6401,5
1497023101,35.76,31.815,99.5115,83501.13,6353,5
1497024001,33.14,36.221,99.5078,77517.42,6189,5
1497024901,33.85,37.854,99.5056,61139.19,6174,5
1497025801,34.2,35.434,99.5014,89154.68,6021,5
1497026701,37.06,29.731,99.4797,82979.92,6110,5
1497027601,35.67,30.271,99.4712,89900.32,6121,5
1497028501,36.02,41.012,99.4338,80761.53,6100,5
1497029401,35.42,36.53,99.4287,81279.03,6073,5
1497030301,31.63,44.467,99.42,38285.73,6036,5
1497031201,34.45,43.178,99.4132,66516.37,6019,5
1497032101,35.29,34.46,99.4199,72288.63,5991,5
1497033001,36.07,34.111,99.4111,77569.35,5940,5
1497033901,37.88,34.315,99.3845,72869.19,5988,5
1497034801,39.19,33.016,99.3778,71138.63,5915,5
1497035701,34.55,28.487,99.4092,42501.77,5886,5
1497036601,35.7,29.375,99.4187,23786.45,5936,5
1497037501,31.04,39.245,99.4146,20193.63,5919,5
1497038401,33.94,28.484,99.4179,23415.48,5917,5
1497039301,33.09,34.688,99.4473,48665.4,5921,5
1497040201,27.43,45.404,99.4703,13254.68,5949,5
1497041101,30.39,33.183,99.4627,28065.56,5934,5
1497042001,29.52,40.146,99.4753,23081.61,5947,5
1497042901,29.4,37.188,99.466,22936.94,5972,5
1497043801,30.42,31.308,99.462,24005.32,5980,5
1497044701,28,39.051,99.4653,10950.97,6008,5
1497045601,28.13,45.633,99.4706,7753.23,6025,5
1497046501,25.33,49.591,99.492,6480.81,6062,5
1497047401,23.29,64.011,99.5314,3553.87,6074,5
1497048301,21.26,67.948,99.5644,3195.89,6115,5
1497049201,19.42,83.568,99.5884,2685.81,6125,5
1497050101,18.08,84.874,99.6132,2029.19,6148,5
1497051001,16.47,94.609,99.6504,1930.89,6172,5
1497051901,15.15,96.709,99.6874,1331.77,6198,5
1497052801,13.81,99.161,99.7109,830.97,6207,5
1497053701,12.68,100,99.7218,350.56,6230,5
1497054601,11.67,100,99.7519,77.9,6245,5
1497055501,10.89,100,99.7803,7.42,6264,5
1497056401,10.43,100,99.8131,0,6281,5
1497057301,9.94,100,99.8485,0,6301,5
1497058201,9.57,100,99.8775,0,6314,5
1497059101,9.36,100,99.9073,0,6331,5
1497060001,9.01,100,99.9438,0,6347,5
1497060901,8.65,100,99.9786,0,6357,5
1497061801,8.38,100,99.9912,0,6375,5
1497062701,8.06,100,100.0108,0,6395,5
1497063601,7.81,100,100.0292,0,6413,5
1497064501,7.68,100,100.0231,0,6438,5
1497065401,7.37,100,100.0449,0,6459,5
1497066301,7.12,100,100.0462,0,6476,5
1497067201,7.04,100,100.0675,0,6492,5
1497068101,7.12,100,100.0671,0,6507,5
1497069001,7,100,100.0851,0,6517,5
1497069901,6.91,100,100.0939,0,6532,5
1497070801,6.76,100,100.116,0,6545,5
1497071701,6.78,100,100.1253,0,6568,5
1497072601,6.56,100,100.1436,0,6582,5
1497073501,6.65,100,100.1542,0,6591,5
1497074401,6.55,100,100.1629,0,6602,5
1497075301,6.39,100,100.1822,0,6612,5
1497076201,6.31,100,100.1874,0,6619,5
1497077101,6.1,100,100.1949,0,6627,5
1497078001,5.98,100,100.2023,0,6638,5
1497078901,5.89,100,100.2008,0,6692,5
1497079801,5.89,100,100.2069,0,6655,5
1497080701,5.73,100,100.2051,0,6666,5
1497081601,5.63,100,100.2187,0,6676,5
1497082501,5.55,100,100.2194,0,6684,5
1497083401,5.43,100,100.2314,0,6690,5
1497084301,5.29,100,100.236,0,6700,5
1497085201,5.35,100,100.2567,18.55,6708,5
1497086101,5.38,100,100.278,118.71,6718,5
1497087001,5.67,100,100.2936,808.71,6729,5
1497087901,6.12,100,100.3123,1522.82,6738,5
1497088801,6.66,100,100.3197,2225.81,6743,5
1497089701,7.42,100,100.3332,2847.18,6747,5
1497090601,8.28,100,100.3353,3299.76,6797,5
1497091501,9.42,100,100.3517,3793.15,6755,5
1497092401,10.37,100,100.3495,4173.39,6753,5
1497093301,11.54,100,100.3642,4748.39,6753,5
1497094201,12.64,100,100.3772,5358.63,6752,5
1497095101,13.6,100,100.404,5451.37,6747,5
1497096001,14.79,100,100.4198,5748.15,6743,5
1497096901,16.25,100,100.4236,6172.9,6735,5
1497097801,18.76,100,100.4261,7784.76,6725,5
1497098701,20,96.322,100.4269,10652.34,6704,5
1497099601,22.95,88.084,100.4215,58408.87,6692,5
1497100501,27.72,74.688,100.427,57685.48,6651,5
1497101401,31.14,59.126,100.4141,65792.98,6602,5
1497102301,31.2,54.895,100.4281,69165.08,6565,5
1497103201,32.29,50.945,100.4447,59979.92,6534,5
1497104101,30.85,56.457,100.4525,29660.73,6495,5
1497105001,33.52,46.049,100.4301,83054.11,6466,5
1497105901,35.75,37.033,100.4352,88659.44,6426,5
1497106801,37.84,32.1,100.4265,94018.06,6368,5
1497107701,40.17,35.602,100.43,99070.65,6296,5
1497108601,32.52,31.95,100.4252,23179.92,6245,5
1497109501,37.57,35.438,100.4153,97243.63,6207,5
1497110401,39.39,29.564,100.3881,101656.29,6157,5
1497111301,39.81,30.014,100.3651,102925,6110,5
1497112201,35.47,40.812,100.3637,31300.4,6013,5
1497113101,36.2,50.823,100.393,113632.98,5992,5
1497114001,39.32,32.778,100.3552,106412.1,5972,5
1497115801,34.42,46.336,100.3463,27344.03,5922,5
1497116701,30.91,55.823,100.3524,27019.44,5948,5
1497117601,32.81,48.756,100.3499,21818.47,5939,5
1497118501,38.97,42.808,100.3267,88013.95,5932,5
1497119401,41.75,30.247,100.2998,74225.08,5878,5
1497120301,34.5,46.055,100.2815,23717.82,5847,5
1497121201,37.93,39.979,100.2714,19997.02,5875,5
1497122101,36.51,43.174,100.2782,53115.16,5872,5
1497123001,35.53,40.793,100.2854,52299.03,5830,5
1497123901,29.9,65.545,100.2831,18357.34,5866,5
1497124801,35.1,43.877,100.2638,21163.71,5863,5
1497125701,36.32,34.969,100.2596,36672.02,5846,5
1497126601,35.56,46.266,100.2468,31031.45,5839,5
1497127501,32.65,46.711,100.2494,9212.98,5846,5
1497128401,31.69,41.698,100.2477,10698.71,5875,5
1497129301,27.72,67.375,100.2456,3722.66,5920,5
1497130201,30.4,66.2,100.2272,9871.45,5902,5
1497131101,27.01,62.707,100.241,6070.89,5910,5
1497132001,27,75.574,100.2377,5805.65,5900,5
1497132901,27.62,54.58,100.244,9010.81,5899,5
1497133801,25.67,74.903,100.2808,5412.42,5907,5
1497134701,24.44,82.044,100.2858,5894.68,5894,5
1497135601,22.89,81.672,100.3096,3648.47,5924,5
1497136501,21.3,87.786,100.3414,2908.39,5938,5
1497137401,20.11,89.535,100.3663,2164.6,5941,5
1497138301,19.55,94.116,100.3941,1793.63,5946,5
1497139201,18.7,96.018,100.414,944.11,5982,5
1497140101,17.42,100,100.4214,369.11,5986,5
1497141001,16.07,100,100.4382,79.76,6021,5
1497141901,15,100,100.4667,7.42,6006,5
1497142801,14.23,100,100.4802,0,6018,5
1497143701,13.55,100,100.4977,0,6032,5
1497144601,13.22,100,100.5058,0,6042,5
1497145501,12.9,100,100.5227,0,6056,5
1497146401,12.75,100,100.5415,0,6074,5
1497147301,12.57,100,100.5562,0,6075,5
1497148201,12.4,100,100.5514,0,6084,5
1497149101,12.22,100,100.5582,0,6098,5
1497150001,12.05,100,100.5559,0,6113,5
1497150901,11.86,100,100.5457,0,6138,5
1497151801,11.61,100,100.5354,0,6138,5
1497152701,11.24,100,100.541,0,6144,5
1497153601,11.06,100,100.5497,0,6165,5
1497154501,11,100,100.5678,0,6180,5
1497155401,11.05,100,100.5743,0,6187,5
1497156301,10.66,100,100.5743,0,6200,5
1497157201,10.48,100,100.5723,0,6213,5
1497158101,10.41,100,100.5625,0,6229,5
1497159001,10.22,100,100.5893,0,6249,5
1497159901,10.04,100,100.6088,0,6254,5
1497160801,9.94,100,100.6015,0,6258,5
1497161701,9.8,100,100.5998,0,6277,5
1497162601,9.73,100,100.6055,0,6281,5
1497163501,9.65,100,100.5918,0,6290,5
1497164401,9.42,100,100.5794,0,6307,5
1497165301,9.36,100,100.5715,0,6323,5
1497166201,9.26,100,100.5574,0,6327,5
1497167101,9.23,100,100.5486,0,6324,5
1497168001,9.18,100,100.5463,0,6329,5
1497168901,9.13,100,100.561,0,6333,5
1497169801,9.14,100,100.5727,0,6352,5
1497170701,9.1,100,100.588,1.85,6356,5
1497171601,9.11,100,100.6051,40.81,6362,5
1497172501,9.18,100,100.6133,237.42,6370,5
1497173401,9.44,100,100.6265,728.95,6379,5
1497174301,9.73,100,100.6383,1500.56,6390,5
1497175201,10.43,100,100.6584,2186.85,6397,5
1497176101,11.05,100,100.6706,2745.16,6403,5
1497177001,11.84,100,100.6747,3075.32,6404,5
1497177901,12.97,100,100.6768,3776.45,6406,5
1497178801,13.83,100,100.6663,4236.45,6407,5
1497179701,14.75,100,100.6761,4729.84,6412,5
1497180601,15.67,100,100.6812,5093.39,6410,5
1497181501,16.72,100,100.6595,5384.6,6409,5
1497182401,17.98,100,100.6327,5764.84,6412,5
1497183301,19.58,100,100.6238,7374.84,6450,5
1497184201,23.03,98.24,100.6136,42025.08,6400,5
1497185101,26.15,88.172,100.5982,15397.02,6375,5
1497186001,26.93,89.954,100.605,18871.13,6359,5
1497186901,26.97,85.61,100.6035,20579.44,6347,5
1497187801,27.43,81.651,100.6023,18212.66,6307,5
1497188701,29.88,75.872,100.5957,37395.4,6276,5
1497189601,29.95,77.881,100.593,33567.02,6217,5
1497190501,32.39,64.415,100.5763,43091.61,6189,5
1497191401,30.79,73.085,100.5732,34893.23,6178,5
1497192301,37.75,54.45,100.5624,75293.47,6170,5
1497193201,35.22,44.863,100.554,29482.66,6152,5
1497194101,34.08,55.621,100.5636,33515.08,6127,5
1497195001,31.66,65.97,100.5602,26082.74,6109,5
1497195901,34.28,58.277,100.5407,41335.08,6098,5
1497196801,37.11,55.012,100.5198,52425.16,6080,5
1497197701,34.7,63.621,100.5168,39567.42,6065,5
1497198601,35.67,56.566,100.5146,51874.27,6050,5
1497199501,36.05,57.132,100.4976,49025.24,6017,5
1497200401,37.41,52.643,100.4578,55617.34,5997,5
1497201301,43.72,39.142,100.4356,75912.98,5942,5
1497202201,44.05,41.621,100.419,82065.48,5904,5
1497203101,44.77,34.898,100.4014,75146.94,5802,5
1497204001,44.4,31.57,100.3606,71101.53,5825,5
1497204901,45.1,32.32,100.3569,68719.92,5730,5
1497205801,45.97,28.863,100.3353,65928.39,5718,5
1497206701,45.04,32.197,100.3419,66319.76,5698,5
1497207601,46.12,36.022,100.3498,58154.76,5667,5
1497208501,42.96,34.598,100.3298,60651.37,5656,5
1497209401,38.32,47.033,100.3429,23519.35,5651,5
1497210301,37.66,34.241,100.344,55934.52,5656,5
1497211201,38.07,43.519,100.3282,45291.45,5651,5
1497212101,38.6,46.267,100.3105,25333.39,5650,5
1497213001,37.04,49.17,100.302,44250.89,5648,5
1497213901,35.16,56.423,100.2916,6026.37,5650,5
1497214801,35.03,57.146,100.2789,24179.68,5655,5
1497215701,33.45,53.737,100.2773,17978.95,5669,5
1497216601,34.81,59.531,100.2806,22996.29,5677,5
1497217501,33.9,60.497,100.2592,9274.19,5685,5
1497218401,32.03,69.627,100.2681,8569.35,5687,5
1497219301,31.36,73.586,100.2808,7901.61,5691,5
1497220201,29.74,70.644,100.2676,7204.19,5694,5
1497221101,27.38,76.858,100.2575,5093.39,5691,5
1497222001,25.53,80.658,100.2595,3108.71,5682,5
1497222901,24.07,89.342,100.272,2242.5,5692,5
1497223801,23.18,92.911,100.2725,1782.5,5701,5
1497224701,21.66,98.495,100.2956,1344.76,5724,5
1497225601,20.73,100,100.3013,856.94,5766,5
1497226501,20.39,100,100.3037,398.79,5737,5
1497227401,19.56,100,100.3102,87.18,5756,5
1497228301,18.28,100,100.321,5.56,5772,5
1497229201,17.5,100,100.3381,0,5778,5
1497230101,16.94,100,100.3527,0,5800,5
1497231001,16.08,100,100.3719,0,5807,5
1497231901,15.38,100,100.3917,0,5821,5
1497232801,15.04,100,100.3831,0,5838,5
1497233701,14.66,100,100.3906,0,5857,5
1497234601,14.55,100,100.4067,0,5871,5
1497235501,14.3,100,100.3873,0,5884,5
1497236401,14.23,100,100.392,0,5881,5
1497237301,14.74,100,100.395,0,5891,5
1497238201,14.45,100,100.3984,0,5900,5
1497239101,14.29,100,100.4114,0,5919,5
1497240001,13.93,100,100.4163,0,5930,5
1497240901,13.61,100,100.4137,0,5927,5
1497241801,13.56,100,100.3999,0,5932,5
1497242701,13.37,100,100.4104,0,5941,5
1497243601,13.16,100,100.4134,0,5961,5
1497244501,13.12,100,100.412,0,5972,5
1497245401,12.99,100,100.3924,0,5985,5
1497246301,12.82,100,100.3815,0,5991,5
1497247201,12.65,100,100.3815,0,5993,5
1497248101,12.58,100,100.3946,0,5947,5
1497249001,12.48,100,100.3916,0,5969,5
1497249901,12.5,100,100.3837,0,6009,5
1497250801,12.24,100,100.387,0,6021,5
1497251701,12.09,100,100.3787,0,6024,5
1497252601,11.98,100,100.396,0,6009,5
1497253501,11.86,100,100.4102,0,6004,5
1497254401,11.81,100,100.4214,0,5998,5
1497255301,11.7,100,100.4444,0,5990,5
1497256201,11.56,100,100.4621,0,5999,5
1497257101,11.36,100,100.4812,1.85,5999,5
1497258001,11.34,100,100.5001,24.11,6000,5
1497258901,11.15,100,100.5031,220.73,6009,5
1497259801,11.36,100,100.5138,680.73,6017,5
1497260701,11.64,100,100.5185,1363.31,6017,5
1497261601,12.26,100,100.5347,1934.6,6019,5
1497262501,12.8,100,100.5651,2418.71,6022,5
1497263401,13.62,100,100.5667,2854.6,6030,5
1497264301,14.71,100,100.5771,3216.29,6080,5
1497265201,15.62,100,100.5796,3594.68,6039,5
1497266101,16.55,100,100.5764,3884.03,6047,5
1497267001,17.69,100,100.5629,4219.76,6062,5
1497267901,18.6,100,100.5612,4600,6066,5
1497268801,19.66,100,100.5667,5024.76,6067,5
1497269701,20.9,100,100.5576,5323.39,6066,5
1497270601,22.96,100,100.5386,16552.58,6061,5
1497271501,24.16,100,100.5289,13323.31,6042,5
1497272401,26.56,97.742,100.519,7680.89,6029,5
1497273301,28.59,88.227,100.5121,24580.32,6019,5
1497274201,32.46,71.351,100.4975,63038.55,5989,5
1497275101,34.72,50.706,100.4706,68460.24,5963,5
1497276001,35.09,53.628,100.4521,74078.55,5970,5
1497276901,34.78,60.807,100.4478,79524.35,5900,5
1497277801,35.81,53.446,100.4407,84634.44,5881,5
1497278701,39.45,46.072,100.4206,89802.02,5842,5
1497279601,40.18,44.867,100.4281,95637.34,5802,5
1497280501,40.24,37.406,100.4362,98445.56,5748,5
1497281401,42.02,35.295,100.4213,101906.69,5713,5
1497282301,42.41,35.727,100.4113,103755.97,5702,5
1497283201,42.49,39.086,100.4032,105579.27,5649,5
1497284101,43.34,40.872,100.4164,105017.26,5601,5
1497285001,43.19,34.591,100.3832,105495.81,5584,5
1497285901,45.39,38.937,100.3525,104939.35,5540,5
1497286801,45.18,30.874,100.3503,103121.61,5521,5
1497287701,44.55,31.996,100.3253,101480.08,5511,5
1497288601,47,32.092,100.2739,95412.9,5474,5
1497289501,46.4,33.971,100.2565,92432.18,5430,5
1497290401,47.35,32.618,100.2445,88737.34,5419,5
1497291301,46.45,29.274,100.2186,82067.34,5407,5
1497292201,45.18,29.481,100.2127,76549.19,5399,5
1497293101,45.59,39.262,100.1796,70793.63,5394,5
1497294001,47.01,36.627,100.1694,66876.21,5388,5
1497294901,43.27,35.699,100.1467,59167.5,5397,5
1497295801,44.72,33.517,100.1314,55044.19,5331,5
1497296701,40.14,43.08,100.1357,33190.48,5330,5
1497297601,37.65,52.659,100.1227,8159.44,5333,5
1497298501,39.18,50.393,100.1169,15966.45,5343,5
1497299401,38.08,46.227,100.1012,35201.13,5353,5
1497300301,35.55,55.799,100.0768,6610.65,5358,5
1497301201,34.62,50.441,100.065,18533.55,5362,5
1497302101,35.83,58.08,100.0424,13384.52,5371,5
1497303001,35.29,58.474,100.059,16613.79,5379,5
1497303901,33.03,59.394,100.0664,5839.03,5387,5
1497304801,31.14,72.969,100.0761,6300.89,5391,5
1497305701,29.84,73.752,100.0851,4585.16,5401,5
1497306601,28.46,81.293,100.0824,4108.47,5411,5
1497307501,26.22,88.926,100.0865,3412.9,5417,5
1497308401,24.79,94.559,100.0937,2982.58,5432,5
1497309301,23.64,98.139,100.1009,2492.9,5444,5
1497310201,22.64,100,100.1025,2006.94,5465,5
1497311101,21.72,100,100.1047,1448.63,5483,5
1497312001,20.68,100,100.1076,879.19,5489,5
1497312901,19.64,100,100.0992,391.37,5506,5
1497313801,18.61,100,100.1041,89.03,5516,5
1497314701,17.89,100,100.106,9.27,5535,5
1497315601,17.4,100,100.1112,0,5544,5
1497316501,16.93,100,100.1224,0,5554,5
1497317401,16.55,100,100.1329,0,5565,5
1497318301,16.36,100,100.1489,0,5579,5
1497319201,16.13,100,100.1577,0,5587,5
1497320101,16.08,100,100.1614,0,5598,5
1497321001,15.81,100,100.1681,0,5610,5
1497321901,15.45,100,100.1748,0,5611,5
1497322801,15.23,100,100.1571,0,5618,5
1497323701,15.01,100,100.1737,0,5629,5
1497324601,14.83,100,100.1778,0,5647,5
1497325501,14.65,100,100.1837,0,5654,5
1497326401,14.52,100,100.1796,0,5664,5
1497327301,14.3,100,100.1843,0,5666,5
1497328201,14.31,100,100.1755,0,5670,5
1497329101,14.2,100,100.1911,0,5676,5
1497330001,13.98,100,100.1988,0,5678,5
1497330901,13.84,100,100.1905,0,5682,5
1497331801,14.27,100,100.2034,0,5691,5
1497332701,14.23,100,100.1981,0,5697,5
1497333601,13.79,100,100.1981,0,5701,5
1497334501,13.46,100,100.2191,0,5708,5
1497335401,13.38,100,100.2258,0,5716,5
1497336301,13.2,100,100.2284,0,5723,5
1497337201,13.01,100,100.2054,0,5732,5
1497338101,12.86,100,100.1977,0,5745,5
1497339001,12.62,100,100.1797,0,5756,5
1497339901,12.5,100,100.1843,0,5762,5
1497340801,12.32,100,100.1882,0,5766,5
1497341701,12.26,100,100.1984,0,5772,5
1497342601,12.17,100,100.1946,0,5780,5
1497343501,12.14,100,100.21,1.85,5788,5
1497344401,12.11,100,100.2188,51.94,5797,5
1497345301,12.06,100,100.2289,250.4,5801,5
1497346201,12.18,100,100.2214,792.02,5808,5
1497347101,12.44,100,100.2175,1454.19,5812,5
1497348001,13,100,100.2252,2105.24,5814,5
1497348901,13.57,100,100.2274,2685.81,5819,5
1497349801,14.6,100,100.2318,3266.37,5820,5
1497350701,15.88,100,100.2383,3652.18,5823,5
1497351601,16.63,100,100.2363,3692.98,5825,5
1497352501,17.44,100,100.2255,4267.98,5825,5
1497353401,18.38,100,100.2248,4598.15,5815,5
1497354301,19.43,100,100.2114,5223.23,5814,5
1497355201,20.61,100,100.2023,5738.87,5819,5
1497356101,21.91,100,100.2075,6197.02,5813,5
1497357001,23.83,100,100.1989,7020.56,5805,5
1497357901,24.82,100,100.1904,7350.73,5799,5
1497358801,26.31,95.136,100.1908,8033.31,5781,5
1497359701,28.25,91.147,100.1697,16858.63,5750,5
1497360601,31.15,67.702,100.1608,53046.53,5716,5
1497361501,33.22,64.967,100.15,58675.97,5678,5
1497362401,34.61,64.437,100.1281,62886.45,5650,5
1497363301,34.57,55.797,100.1134,65294.03,5599,5
1497364201,35.59,50.293,100.0924,16645.32,5612,5
1497365101,37.87,47.233,100.0875,73293.95,5528,5
1497366001,40.04,51.281,100.0681,78782.42,5473,5
1497366901,39.66,43.773,100.0531,81889.27,5405,5
1497367801,35.47,61.396,100.0521,33813.71,5312,5
1497368701,35.93,56.773,100.0305,44477.18,5321,5
1497369601,41.32,44.401,100.0382,83567.9,5307,5
1497370501,43.35,33.49,100.0149,89449.6,5272,5
1497371401,44.18,36.336,99.9819,84504.6,5236,5
1497372301,42.4,42.747,99.9584,81395.89,5223,5
1497373201,44.06,35.617,99.9571,89366.13,5212,5
1497374101,44.08,40.936,99.9494,19516.61,5190,5
1497375001,40.03,49.875,99.936,25878.71,5184,5
1497375901,36.66,59.979,99.9422,29373.23,5189,5
1497376801,34.89,60.234,99.9083,17277.82,5191,5
1497377701,44.9,41.684,99.8851,70802.9,5186,5
1497378601,38.89,58.638,99.8636,22923.95,5184,5
1497379501,44.48,42.925,99.8497,65677.98,5227,5
1497380401,44.42,43.572,99.8437,54376.45,5187,5
1497381301,40.62,48.193,99.8367,44085.81,5196,5
1497382201,38.6,55.598,99.8379,46274.52,5194,5
1497383101,37.83,53.05,99.7956,26062.34,5203,5
1497384001,36.66,65.072,99.7857,23593.55,5210,5
1497384901,37.07,57.701,99.7756,26424.03,5216,5
1497385801,35.73,60.021,99.7657,20831.69,5218,5
1497386701,34.29,67.337,99.7586,16023.95,5225,5
1497387601,31.38,79.481,99.7697,6093.15,5230,5
1497388501,28.28,92.168,99.7992,11477.74,5240,5
1497389401,29.55,89.239,99.7936,12692.66,5251,5
1497390301,29.14,88.945,99.7828,10095.89,5260,5
1497391201,29.16,89.379,99.771,7755.08,5271,5
1497392101,28.06,95.433,99.7958,5405,5286,5
1497393001,28.04,96.161,99.8172,7237.58,5297,5
1497393901,29.43,89.724,99.8095,9697.1,5307,5
1497394801,28.68,93.615,99.8006,6146.94,5318,5
1497395701,27.41,97.642,99.8135,4165.97,5328,5
1497396601,25.51,100,99.832,2044.03,5343,5
1497397501,23.7,100,99.8594,1194.52,5359,5
1497398401,22.19,100,99.878,712.26,5379,5
1497399301,20.88,100,99.8893,328.31,5402,5
1497400201,19.91,100,99.9038,81.61,5420,5
1497401101,19.31,100,99.9164,9.27,5431,5
1497402001,19.01,100,99.9326,0,5454,5
1497402901,18.8,100,99.9505,0,5473,5
1497403801,19.06,100,99.9805,0,5490,5
1497404701,18.74,100,99.9995,0,5506,5
1497405601,18.51,100,100.019,0,5522,5
1497406501,18.33,100,100.0451,0,5537,5
1497407401,18.47,100,100.0671,0,5550,5
1497408301,18.67,100,100.0824,0,5562,5
1497409201,18.88,100,100.1107,0,5572,5
1497410101,19.7,100,100.1051,0,5630,5
1497411001,19.2,100,100.126,0,5595,5
1497411901,19.13,100,100.1118,0,5606,5
1497412801,19.29,100,100.1077,0,5616,5
1497413701,18.69,100,100.1305,0,5626,5
1497414601,18.86,100,100.1336,0,5637,5
1497415501,19.51,100,100.1321,0,5644,5
1497416401,19.5,100,100.1555,0,5652,5
1497417301,19.57,100,100.1516,0,5661,5
1497418201,19.42,100,100.1334,0,5675,5
1497419101,18.74,100,100.1482,0,5683,5
1497420001,18.37,100,100.1461,0,5693,5
1497420901,17.74,100,100.1506,0,5699,5
1497421801,17.77,100,100.1599,0,5757,5
1497422701,17.89,100,100.1863,0,5721,5
1497423601,18.06,100,100.1982,0,5731,5
1497424501,18.26,100,100.1989,0,5742,5
1497425401,18,100,100.2153,0,5752,5
1497426301,17.42,100,100.2004,0,5763,5
1497427201,17.23,100,100.2084,0,5774,5
1497428101,16.95,100,100.2196,0,5783,5
1497429001,16.53,100,100.2277,0,5795,5
1497429901,15.87,100,100.221,1.85,5808,5
1497430801,14.8,100,100.2264,37.1,5827,5
1497431701,13.98,100,100.261,174.35,5838,5
1497432601,13.28,100,100.2767,517.5,5852,5
1497433501,13.1,100,100.3051,1022.02,5912,5
1497434401,13.32,100,100.3378,1218.63,5876,5
1497435301,13.35,100,100.3623,1539.52,5898,5
1497436201,13.91,100,100.3891,1752.82,5910,5
1497437101,14.69,100,100.4208,2435.4,5921,5
1497438001,15.82,100,100.4477,3448.15,5933,5
1497438901,16.45,100,100.475,3327.58,5941,5
1497439801,16.97,100,100.4859,3461.13,5949,5
1497440701,17.55,100,100.481,4123.31,5956,5
1497441601,17.7,100,100.4804,4943.15,5963,5
1497442501,17.77,100,100.4849,4867.1,5970,5
1497443401,18.66,98.277,100.4914,5071.13,5977,5
1497444301,19.4,97.591,100.5092,4075.08,5979,5
1497445201,20.56,93.488,100.5314,4340.32,5980,5
1497446101,22.84,88.566,100.5288,4952.42,5969,5
1497447001,24.73,73.141,100.5173,18095.81,5951,5
1497447901,28.78,64.863,100.5401,64913.79,5933,5
1497448801,30.92,55.892,100.5109,67497.58,5958,5
1497449701,29.9,47.026,100.5133,80123.47,5895,5
1497450601,31.57,42.113,100.5069,84918.23,5878,5
1497451501,35.49,43.833,100.5008,88514.76,5866,5
1497452401,35.67,32.147,100.5058,92337.58,5825,5
1497453301,37.54,38.835,100.4988,91230.24,5799,5
1497454201,37.89,40.36,100.4833,87173.71,5786,5
1497455101,36.75,32.609,100.4672,96961.69,5760,5
1497456001,39.65,33.436,100.4531,98260.08,5731,5
1497456901,40.87,32.381,100.4539,99680.89,5695,5
1497457801,37.63,24.658,100.4331,92053.79,5667,5
1497458701,39.92,31.269,100.4317,84708.63,5647,5
1497459601,39.91,26.5,100.411,90306.53,5624,5
1497460501,40.59,28.178,100.3883,12956.05,5643,5
1497461401,39.57,32.185,100.3727,13683.15,5576,5
1497462301,38.27,34.181,100.3652,16973.63,5564,5
1497463201,39.46,30.391,100.3519,20612.82,5550,5
1497464101,39.39,23.327,100.3416,8908.79,5531,5
1497465001,40.88,27.901,100.3427,84014.92,5536,5
1497465901,42.11,20.074,100.3301,81542.42,5541,5
1497466801,42.04,26.941,100.3388,79155.24,5540,5
1497467701,42.81,22.241,100.3309,75265.65,5539,5
1497468601,40.69,25.435,100.3089,70047.98,5544,5
1497469501,34.82,37.574,100.31,8532.26,5560,5
1497470401,33.21,28.554,100.3211,8409.84,5582,5
1497471301,34.11,35.324,100.3134,26409.19,5603,5
1497472201,32.57,39.006,100.312,37170.97,5624,5
1497473101,30.76,54.452,100.3006,9487.5,5647,5
1497474001,28.7,51.732,100.2999,12484.92,5653,5
1497474901,30.38,57.334,100.2916,18349.92,5674,5
1497475801,29.11,55.043,100.2881,7730.97,5741,5
1497476701,27.34,67.375,100.2966,6901.85,5711,5
1497477601,27.65,63.249,100.2912,17057.1,5725,5
1497478501,24.19,75.924,100.3032,5152.74,5740,5
1497479401,22.29,85.297,100.3139,4518.39,5754,5
1497480301,20.91,93.119,100.326,3767.18,5770,5
1497481201,20.02,96.888,100.3498,3190.32,5803,5
1497482101,18.88,98.601,100.3552,2524.44,5815,5
1497483001,18.09,100,100.3885,1901.21,5834,5
1497483901,17.81,100,100.415,1439.35,5858,5
1497484801,16.75,100,100.434,918.15,5877,5
1497485701,15.47,100,100.4694,372.82,5898,5
1497486601,14.61,100,100.4826,116.85,5917,5
1497487501,14.14,100,100.4972,12.98,5934,5
1497488401,13.12,100,100.5255,0,5954,5
1497489301,12.13,100,100.5725,0,5977,5
1497490201,12.32,100,100.6071,0,5998,5
1497491101,12.44,100,100.6368,0,6065,5
1497492001,11.54,100,100.6487,0,6039,5
1497492901,10.2,100,100.6628,0,6054,5
1497493801,9.12,100,100.6725,0,6111,5
1497494701,8.32,100,100.6884,0,6147,5
1497495601,7.95,100,100.704,0,6169,5
1497496501,7.45,100,100.7204,0,6191,5
1497497401,7.23,100,100.7398,0,6209,5
1497498301,6.75,100,100.7536,0,6230,5
1497499201,6.84,100,100.7633,0,6252,5
1497500101,6.48,100,100.7577,0,6274,5
1497501001,6.36,100,100.7562,0,6293,5
1497501901,6.17,100,100.7598,0,6314,5
1497502801,5.84,100,100.7555,0,6332,5
1497503701,5.63,100,100.764,0,6350,5
1497504601,5.34,100,100.8046,0,6369,5
1497505501,5.33,100,100.8105,0,6384,5
1497506401,4.99,100,100.8113,0,6398,5
1497507301,4.87,100,100.7918,0,6412,5
1497508201,4.93,100,100.7861,0,6429,5
1497509101,4.79,100,100.7799,0,6443,5
1497510001,4.68,100,100.7706,0,6463,5
1497510901,4.61,100,100.7529,0,6471,5
1497511801,4.61,100,100.7267,0,6485,5
1497512701,4.52,100,100.7758,0,6496,5
1497513601,4.78,100,100.774,0,6503,5
1497514501,4.74,100,100.7791,0,6509,5
1497515401,4.85,100,100.7723,0,6519,5
1497516301,4.54,100,100.7886,1.85,6530,5
1497517201,4.45,100,100.7979,35.24,6542,5
1497518101,4.49,100,100.7925,187.34,6548,5
1497519001,4.88,100,100.8002,743.79,6560,5
1497519901,5.79,100,100.7801,1765.81,6568,5
1497520801,8.33,100,100.785,3360.97,6576,5
1497521701,9,100,100.8261,3776.45,6580,5
1497522601,11.72,100,100.8212,5994.84,6584,5
1497523501,11.92,100,100.815,5928.06,6585,5
1497524401,12.35,100,100.8372,5225.08,6581,5
1497525301,14.38,100,100.8503,7981.37,6582,5
1497526201,15.63,100,100.8269,11010.32,6579,5
1497527101,16.03,98.575,100.8372,10748.79,6575,5
1497528001,15.5,98.752,100.8425,6772.02,6570,5
1497528901,16.67,97.436,100.8293,7571.45,6566,5
1497529801,17.35,91.083,100.8257,6386.21,6552,5
1497530701,18.54,90.865,100.8245,12770.56,6553,5
1497531601,20.48,87.236,100.8536,16574.84,6557,5
1497532501,21.49,76.049,100.8492,16713.95,6544,5
1497533401,23.64,65.624,100.843,13204.6,6524,5
1497534301,27.93,52.613,100.8439,58369.92,6490,5
1497535201,26.84,44.411,100.8458,77691.77,6462,5
1497536101,26.83,53.041,100.8414,74672.1,6439,5
1497537001,27.53,42.688,100.8328,51712.9,6419,5
1497537901,30.02,48.952,100.82,7551.05,6372,5
1497538801,32.24,41.784,100.8033,93248.31,6335,5
1497539701,35.07,43.433,100.7881,99838.55,6359,5
1497540601,33.91,46.342,100.7739,63632.1,6267,5
1497541501,33.44,32.177,100.7794,115892.18,6241,5
1497542401,33.75,39.954,100.7652,113035.73,6218,5
1497543301,36.31,37.916,100.7387,103707.74,6161,5
1497544201,34.52,38.628,100.7222,58614.76,6117,5
1497545101,37.76,34.224,100.7035,105824.11,6082,5
1497546001,36.46,30.918,100.6912,101164.76,6046,5
1497546901,36.48,28.911,100.6902,99515.81,6051,5
1497547801,33.96,25.823,100.7007,71348.23,6025,5
1497548701,29.74,41.255,100.7073,26911.85,6051,5
1497549601,35.72,30.951,100.7003,14373.15,5964,5
1497550501,36.65,35.38,100.663,54589.76,5950,5
1497551401,37.66,22.887,100.6391,73323.63,5938,5
1497552301,38.49,34.736,100.634,72279.35,5924,5
1497553201,36.83,24.333,100.6516,67401.13,5913,5
1497554101,37.03,23.173,100.6397,63750.81,5905,5
1497555001,37.77,31.358,100.6142,62088.87,5919,5
1497555901,32.87,45.395,100.6062,43802.02,5925,5
1497556801,30.15,49.63,100.6256,9999.44,5925,5
1497557701,30.6,40.656,100.6144,27076.94,5934,5
1497558601,29.2,42.753,100.6156,17110.89,5951,5
1497559501,27.99,42.376,100.6022,24660.08,5971,5
1497560401,26.55,54.065,100.6149,8309.68,5990,5
1497561301,26.52,57.429,100.6109,6438.15,6011,5
1497562201,25.32,59.31,100.5982,7940.56,6034,5
1497563101,24.35,61.336,100.5891,13913.15,6058,5
1497564001,23.74,59.497,100.6047,10826.69,6084,5
1497564901,21.81,58.771,100.6092,8560.08,6120,5
1497565801,21.76,61.004,100.6107,6017.1,6131,5
1497566701,19.68,71.756,100.6124,4229.03,6236,5
1497567601,17.5,87.471,100.629,2849.03,6188,5
1497568501,17.62,89.432,100.6383,1161.13,6275,5
1497569401,17.19,93.665,100.6496,920,6228,5
1497570301,16.88,91.515,100.6468,606.53,6247,5
1497571201,16.57,87.73,100.6515,289.35,6272,5
1497572101,16.45,91.063,100.6463,124.27,6286,5
1497573001,16.23,79.64,100.6605,29.68,6304,5
1497573901,15.93,94.395,100.6702,3.71,6319,5
1497574801,15.87,95.859,100.6954,0,6334,5
1497575701,15.71,94.468,100.7168,0,6348,5
1497576601,15.59,94.957,100.7441,0,6352,5
1497577501,15.48,96.638,100.7439,0,6359,5
1497578401,15.33,95.273,100.7294,0,6374,5
1497579301,15.15,92.199,100.7431,0,6386,5
1497580201,15.02,93.523,100.7474,0,6399,5
1497581101,14.83,98.135,100.7543,0,6428,5
1497582001,14.74,99.257,100.7671,0,6441,5
1497582901,14.48,98.144,100.7602,0,6450,5
1497583801,14.6,100,100.7765,0,6466,5
1497584701,14.8,98.89,100.7909,0,6453,5
1497585601,14.93,100,100.7808,0,6464,5
1497586501,15.02,100,100.7713,0,6489,5
1497587401,15.11,100,100.7973,0,6499,5
1497588301,15.19,100,100.7923,0,6507,5
1497589201,15.15,100,100.7689,0,6514,5
1497590101,15.08,100,100.7531,0,6509,5
1497591001,15.13,100,100.7569,0,6519,5
1497591901,15.1,100,100.7532,0,6526,5
1497592801,15.06,100,100.7618,0,6531,5
1497593701,15.08,100,100.7432,0,6540,5
1497594601,15.04,100,100.73,0,6549,5
1497595501,15.02,100,100.7262,0,6558,5
1497596401,15.05,100,100.7149,0,6567,5
1497597301,14.96,100,100.7087,0,6576,5
1497598201,14.93,100,100.7098,0,6581,5
1497599101,14.91,100,100.7253,0,6590,5
1497600001,14.89,100,100.7381,0,6596,5
1497600901,14.65,100,100.7368,0,6603,5
1497601801,14.15,100,100.7084,0,6607,5
1497602701,14.12,100,100.7061,1.85,6618,5
1497603601,14.65,100,100.7188,18.55,6627,5
1497604501,14.8,100,100.7229,135.4,6636,5
1497605401,14.43,100,100.6878,389.52,6689,5
1497606301,14.63,100,100.6726,732.66,6651,5
1497607201,14.81,100,100.6927,1096.21,6659,5
1497608101,15.19,100,100.7306,1517.26,6664,5
1497609001,15.46,100,100.7394,2188.71,6669,5
1497609901,15.68,100,100.7353,3273.79,6674,5
1497610801,16.02,100,100.734,3533.47,6677,5
1497611701,16.08,100,100.7442,3318.31,6682,5
1497612601,16.63,100,100.7537,4592.58,6687,5
1497613501,18.75,97.351,100.7381,10871.21,6688,5
1497614401,18.67,97.883,100.7198,6979.76,6689,5
1497615301,18.55,99.693,100.7075,8124.19,6690,5
1497616201,21.48,86.71,100.6796,13634.92,6688,5
1497617101,21.41,88.874,100.6673,12957.9,6728,5
1497618001,20.96,91.778,100.6756,13110,6678,5
1497618901,23.42,80.908,100.6573,18537.26,6672,5
1497619801,22.27,80.322,100.6669,16739.92,6665,5
1497620701,23.11,75.318,100.6561,18700.48,6655,5
1497621601,24.08,75.401,100.623,15673.39,6647,5
1497622501,24.55,79.586,100.6367,26275.65,6642,5
1497623401,25.59,66.924,100.6222,30233.87,6630,5
1497624301,27.19,69.424,100.6125,45291.45,6618,5
1497625201,28.18,60.596,100.5778,27655.65,6608,5
1497626101,27.79,68.644,100.581,28434.68,6592,5
1497627001,27.06,72.501,100.5721,21892.66,6585,5
1497627901,25.23,79.75,100.5724,15927.5,6583,5
1497628801,23.71,82.179,100.5695,16684.27,6585,5
1497629701,23.79,82.741,100.5805,12507.18,6585,5
1497630601,25.83,78.833,100.5631,15484.19,6586,5
1497631501,25.92,76.723,100.5507,18055,6589,5
1497632401,24.75,79.331,100.5349,19422.02,6636,5
1497633301,28.2,72.059,100.5026,34461.05,6588,5
1497634201,25.75,78.326,100.5101,16986.61,6584,5
1497635101,23.61,80.53,100.5079,10075.48,6585,5
1497636001,19.77,98.399,100.5372,4091.77,6593,5
1497636901,18.91,100,100.5487,6095,6603,5
1497637801,18.98,100,100.5443,8114.92,6571,5
1497638701,18.89,100,100.5486,4114.03,6600,5
1497639601,18.09,100,100.5383,4957.98,6487,5
1497640501,18.03,100,100.5263,4765.08,6507,5
1497641401,17.96,100,100.5171,3897.02,6535,5
1497642301,17.85,100,100.5113,3746.77,6541,5
1497643201,18.56,100,100.5009,9142.5,6552,5
1497644101,18.37,100,100.4929,5288.15,6562,5
1497645001,17.72,100,100.4811,4080.65,6574,5
1497645901,17.69,100,100.4737,2823.06,6588,5
1497646801,17.81,100,100.4673,6234.11,6601,5
1497647701,17.95,100,100.4492,7335.89,6611,5
1497648601,17.89,100,100.4342,2947.34,6476,5
1497649501,17.3,100,100.4292,3333.15,6511,5
1497650401,17.01,100,100.424,3207.02,6447,5
1497651301,16.58,100,100.4229,1673.06,6480,5
1497652201,16.95,100,100.4134,2097.82,6567,5
1497653101,16.88,100,100.4189,2246.21,6605,5
1497654001,16.84,100,100.4263,786.45,6646,5
1497654901,16.67,100,100.4261,734.52,6677,5
1497655801,16.46,100,100.4429,452.58,6706,5
1497656701,16.41,100,100.4438,337.58,6731,5
1497657601,16.4,100,100.4418,181.77,6761,5
1497658501,16.27,100,100.4408,42.66,6781,5
1497659401,16.29,100,100.4299,20.4,6855,5
1497660301,16.3,100,100.4319,1.85,6813,5
1497661201,16.31,100,100.4377,0,6815,5
1497662101,16.33,100,100.4446,0,6800,5
1497663001,16.24,100,100.4394,0,6808,5
1497663901,16.23,100,100.4316,0,6812,5
1497664801,16.27,100,100.4177,0,6820,5
1497665701,16.31,100,100.4166,0,6831,5
1497666601,16.33,100,100.4212,0,6845,5
1497667501,16.35,100,100.4091,0,6852,5
1497668401,16.37,100,100.3954,0,6867,5
1497669301,16.4,100,100.4027,0,6882,5
1497670201,16.44,100,100.4077,0,6898,5
1497671101,16.4,100,100.406,0,6908,5
1497672001,16.46,100,100.4162,0,6910,5
1497672901,16.47,100,100.4134,0,6919,5
1497673801,16.49,100,100.4076,0,6931,5
1497674701,16.6,100,100.3962,0,6940,5
1497675601,16.59,100,100.3807,0,6949,5
1497676501,16.59,100,100.3673,0,6959,5
1497677401,16.52,100,100.3702,0,6970,5
1497678301,16.54,100,100.3594,0,6982,5
1497679201,16.57,100,100.3479,0,6987,5
1497680101,16.58,100,100.3441,0,7066,5
1497681001,16.6,100,100.3355,0,7010,5
1497681901,16.57,100,100.3509,0,7020,5
1497682801,16.6,100,100.3474,0,7033,5
1497683701,16.66,100,100.3412,0,7043,5
1497684601,16.71,100,100.3407,0,7052,5
1497685501,16.67,100,100.3232,0,7062,5
1497686401,16.73,100,100.3187,0,7071,5
1497687301,16.77,100,100.3169,0,7089,5
1497688201,16.76,100,100.3159,0,7101,5
1497689101,16.82,100,100.3095,0,7113,5
1497690001,16.81,100,100.3128,11.13,7122,5
1497690901,16.77,100,100.3207,90.89,7133,5
1497691801,16.85,100,100.3212,230,7142,5
1497692701,16.95,100,100.3265,517.5,7152,5
1497693601,17.2,100,100.3171,1478.31,7158,5
1497694501,17.52,100,100.311,2695.08,7166,5
1497695401,17.77,100,100.2932,3257.1,7180,5
1497696301,17.84,100,100.3112,2982.58,7189,5
1497697201,17.97,100,100.314,3963.79,7200,5
1497698101,18.32,100,100.3253,6983.47,7210,5
1497699001,18.75,100,100.3145,9020.08,7214,5
1497699901,19.35,100,100.3261,10518.79,7212,5
1497700801,19.86,100,100.3127,12870.73,7215,5
1497701701,20.43,100,100.3295,13250.97,7217,5
1497702601,20.43,100,100.3651,9003.39,7222,5
1497703501,20.27,100,100.3822,11260.73,7226,5
1497704401,19.92,100,100.4021,5866.85,7227,5
1497705301,20.38,100,100.4092,8797.5,7231,5
1497706201,21.25,100,100.401,9025.65,7214,5
1497707101,20.86,100,100.3889,10965.81,7171,5
1497708001,22.91,100,100.3862,19670.56,7144,5
1497708901,24.91,95.386,100.3811,34418.39,7115,5
1497709801,22.95,100,100.3928,12280.89,7155,5
1497710701,23.38,100,100.3964,17359.44,7061,5
1497711601,23.25,100,100.3981,13360.4,7042,5
1497712501,22.26,100,100.3984,8823.47,7018,5
1497713401,23.12,99.046,100.3866,14406.53,7013,5
1497715201,23.63,100,100.3495,13228.71,6997,5
1497716101,23.66,100,100.3393,12527.58,6996,5
1497717001,24.16,99.166,100.323,14686.61,6990,5
1497717901,23.99,99.828,100.3194,13774.03,6986,5
1497718801,24.95,99.592,100.321,14603.15,6985,5
1497719701,25.58,97.554,100.3244,17732.26,6979,5
1497720601,25.2,94.946,100.3231,12471.94,6973,5
1497721501,25.46,93.96,100.3162,18403.71,6970,5
1497722401,24.65,98.791,100.3176,8686.21,6967,5
1497723301,24.09,100,100.3432,8439.52,6968,5
1497724201,23.92,100,100.3214,10973.23,6970,5
1497725101,24.47,100,100.3166,9839.92,7042,5
1497726001,24.04,100,100.3357,6990.89,6974,5
1497726901,24.25,99.273,100.3263,11967.42,6974,5
1497727801,24.27,98.029,100.3377,7521.37,6975,5
1497728701,25.4,100,100.3176,13456.85,6978,5
1497729601,24.57,100,100.3061,8543.39,6980,5
1497730501,26,96.939,100.2863,13915,6977,5
1497731401,26.44,89.408,100.2765,9192.58,6977,5
1497732301,26.18,99.36,100.2689,18329.52,6978,5
1497733201,24.18,100,100.2635,2771.13,6982,5
1497734101,23.75,100,100.2676,4574.03,6987,5
1497735001,23.81,100,100.2582,4485,6991,5
1497735901,22.84,100,100.2624,2693.23,6996,5
1497736801,23.91,100,100.2434,7452.74,6997,5
1497737701,24.29,100,100.2425,5241.77,6998,5
1497738601,23.63,100,100.2506,3513.06,7000,5
1497739501,22.94,100,100.264,3067.9,7005,5
1497740401,22.8,100,100.2751,3642.9,7011,5
1497741301,22.27,100,100.2814,1628.55,7017,5
1497742201,21.67,100,100.2878,1064.68,7022,5
1497743101,21.36,100,100.2889,545.32,7028,5
1497744001,21.01,100,100.3028,255.97,7036,5
1497744901,20.76,100,100.3121,113.15,7043,5
1497745801,20.57,100,100.3152,37.1,7049,5
1497746701,20.39,100,100.3215,3.71,7055,5
1497747601,20.23,100,100.3326,0,7062,5
1497748501,20.11,100,100.3398,0,7069,5
1497749401,20,100,100.3505,0,7079,5
1497750301,19.94,100,100.3671,0,7087,5
1497751201,19.94,100,100.3684,0,7095,5
1497752101,19.86,100,100.3542,0,7101,5
1497753001,19.78,100,100.3597,0,7107,5
1497753901,19.72,100,100.3645,0,7114,5
1497754801,19.7,100,100.3571,0,7120,5
1497755701,19.65,100,100.343,0,7127,5
1497756601,19.51,100,100.3584,0,7129,5
1497757501,19.52,100,100.3527,0,7129,5
1497758401,19.55,100,100.3508,0,7135,5
1497759301,19.49,100,100.3468,0,7139,5
1497760201,19.47,100,100.3406,0,7160,5
1497761101,19.41,100,100.3279,0,7166,5
1497762001,19.42,100,100.3138,0,7173,5
1497762901,19.32,100,100.3133,0,7181,5
1497763801,19.29,100,100.3048,0,7187,5
1497764701,19.24,100,100.285,0,7192,5
1497765601,19.23,100,100.269,0,7193,5
1497766501,19.13,100,100.2659,0,7197,5
1497767401,19.13,100,100.2556,0,7197,5
1497768301,19.02,100,100.2379,0,7200,5
1497769201,19.01,100,100.2294,0,7203,5
1497770101,18.93,100,100.2195,0,7207,5
1497771001,18.98,100,100.2256,0,7208,5
1497771901,18.96,100,100.2364,0,7212,5
1497772801,18.94,100,100.2403,0,7215,5
1497773701,18.91,100,100.2291,0,7216,5
1497774601,18.89,100,100.2297,0,7217,5
1497775501,18.96,100,100.2383,0,7292,5
1497776401,18.96,100,100.236,12.98,7225,5
1497777301,18.95,100,100.237,89.03,7228,5
1497778201,18.99,100,100.2467,283.79,7234,5
1497779101,19.11,100,100.2453,539.76,7240,5
1497780001,19.23,100,100.2407,1068.39,7240,5
1497780901,19.53,100,100.2304,1615.56,7244,5
1497781801,19.67,100,100.2312,2713.63,7245,5
1497782701,20.28,100,100.2376,4121.45,7249,5
1497783601,20.67,100,100.234,3514.92,7253,5
1497784501,20.52,100,100.2456,3112.42,7325,5
1497785401,20.55,100,100.2453,3084.6,7256,5
1497786301,20.96,100,100.2588,3047.5,7256,5
1497787201,21.85,100,100.2536,7193.06,7258,5
1497788101,22.56,100,100.2649,11704.03,7257,5
1497789001,22.83,100,100.2805,9001.53,7256,5
1497789901,23.26,100,100.2916,8838.31,7253,5
1497790801,23.44,100,100.2885,8521.13,7248,5
1497791701,23.26,100,100.2899,7565.89,7246,5
1497792601,23.31,100,100.274,4284.68,7244,5
1497793501,23.77,100,100.2711,9648.87,7316,5
1497794401,23.85,100,100.2707,9533.87,7242,5
1497795301,26.1,100,100.245,21549.52,7238,5
1497796201,25.78,100,100.2323,15146.61,7235,5
1497797101,24.84,100,100.2197,7968.39,7231,5
1497798001,24.6,100,100.2101,8411.69,7228,5
1497798901,24.88,100,100.2071,6990.89,7222,5
1497799801,25.61,100,100.2001,13666.45,7220,5
1497800701,26.79,100,100.179,14911.05,7213,5
1497801601,26.51,100,100.1695,7829.27,7209,5
1497802501,27.18,100,100.1554,14068.95,7204,5
1497803401,28.34,98.27,100.1424,19414.6,7198,5
1497804301,31.15,87.634,100.118,15200.4,7187,5
1497805201,29.53,90.126,100.1095,16893.87,7175,5
1497806101,28.62,90.119,100.1033,17761.94,7168,5
1497807001,30.82,89.952,100.0796,30115.16,7161,5
1497807901,29.97,89.786,100.0636,24930.89,7151,5
1497808801,28.51,94.615,100.0571,20850.24,7149,5
1497809701,28.91,90.502,100.0381,13404.92,7146,5
1497810601,27.9,97.862,100.0466,14901.77,7150,5
1497811501,27.76,95.967,100.0333,10520.65,7156,5
1497812401,28.56,92.193,100.029,15621.45,7164,5
1497813301,29.85,83.298,100.0271,9094.27,7165,5
1497814201,29.27,93.069,100.0106,19121.53,7168,5
1497815101,31.6,83.72,99.9776,14994.52,7165,5
1497816001,29.44,91.829,99.9787,12585.08,7165,5
1497816901,31.05,86.527,99.9639,14860.97,7165,5
1497817801,30.92,85.571,99.9385,12327.26,7167,5
1497818701,31.79,88.097,99.9432,15354.35,7170,5
1497819601,30.4,90.345,99.9191,9925.24,7171,5
1497820501,30.29,83.866,99.9074,24337.34,7173,5
1497821401,29.13,88.502,99.8718,6979.76,7178,5
1497822301,27.29,96.912,99.8665,5358.63,7187,5
1497823201,25.54,100,99.8772,4833.71,7190,5
1497824101,24.71,100,99.8825,3735.65,7190,5
1497825001,25.03,100,99.8884,5818.63,7196,5
1497825901,24.85,100,99.9073,4247.58,7201,5
1497826801,24.16,100,99.9124,2936.21,7206,5
1497827701,23.67,100,99.9266,1265,7214,5
1497828601,23.18,100,99.9465,805,7221,5
1497829501,22.79,100,99.9507,476.69,7227,5
1497830401,22.56,100,99.9546,281.94,7236,5
1497831301,22.16,100,99.9536,168.79,7242,5
1497832201,21.89,100,99.9614,38.95,7249,5
1497833101,21.67,100,99.9673,5.56,7255,5
1497834001,21.28,100,99.9691,0,7262,5
1497834901,21.16,100,99.9788,0,7351,5
1497835801,21.05,100,99.9776,0,7276,5
1497836701,21.17,100,99.9761,0,7284,5
1497837601,21.08,100,99.9663,0,7289,5
1497838501,21.19,100,99.9695,0,7293,5
1497839401,21.13,100,99.9803,0,7298,5
1497840301,21.14,100,99.9664,0,7302,5
1497841201,21.27,100,100.0252,0,7305,5
1497842101,21.34,100,100.0435,0,7308,5
1497843001,21.41,100,100.0485,0,7311,5
1497843901,21.32,100,100.0561,0,7311,5
1497844801,21.16,100,100.0398,0,7313,5
1497845701,21.28,100,100.0274,0,7315,5
1497846601,21.15,100,100.0129,0,7316,5
1497847501,21.41,100,100.0113,0,7319,5
1497848401,21.38,100,99.987,0,7317,5
1497849301,21.52,100,99.99,0,7320,5
1497850201,21.29,100,99.995,0,7320,5
1497851101,21.25,100,99.9884,0,7316,5
1497852001,21.25,100,99.9875,0,7313,5
1497852901,21.28,100,99.9939,0,7313,5
1497853801,21.06,100,99.9793,0,7313,5
1497854701,21.25,100,99.9895,0,7315,5
1497855601,21.39,100,99.9618,0,7319,5
1497856501,21.47,100,99.9689,0,7320,5
1497857401,21.38,100,99.9592,0,7317,5
1497858301,21.34,100,99.9697,0,7315,5
1497859201,21.36,100,99.9827,0,7313,5
1497860101,21.33,100,99.9743,0,7311,5
1497861001,21.29,100,99.9829,0,7308,5
1497861901,21.32,100,99.9892,0,7306,5
1497862801,21.26,100,99.9956,7.42,7305,5
1497863701,21.09,100,100.0107,37.1,7301,5
1497864601,21.19,100,100.0443,100.16,7302,5
1497865501,21.43,100,100.0471,263.39,7304,5
1497866401,21.38,100,100.0544,576.85,7301,5
1497867301,21.66,100,100.0513,1315.08,7301,5
1497868201,22,100,100.0423,1904.92,7298,5
1497869101,22.66,100,100.0304,3922.98,7295,5
1497870001,23.07,100,100.0719,2372.34,7290,5
1497870901,22.95,100,100.0802,2754.44,7373,5
1497871801,23.16,100,100.091,4377.42,7286,5
1497872701,23.18,100,100.0988,2544.84,7283,5
1497873601,23.39,100,100.0957,3537.18,7281,5
1497874501,23.74,100,100.1014,4514.68,7278,5
1497875401,24.33,100,100.093,5564.52,7277,5
1497876301,24.45,100,100.0983,7475,7272,5
1497877201,25.05,100,100.1006,6998.31,7268,5
1497878101,24.83,100,100.0942,5531.13,7265,5
1497879001,24.56,100,100.0993,4848.55,7261,5
1497879901,25.22,100,100.0814,7590,7344,5
1497880801,25.72,100,100.0765,10541.05,7256,5
1497881701,26.24,100,100.0641,8085.24,7252,5
1497882601,26.43,99.471,100.0702,7933.15,7250,5
1497883501,26.33,98.061,100.0786,7031.69,7245,5
1497884401,26.54,100,100.0756,9678.55,7242,5
1497885301,26.12,100,100.0948,9001.53,7241,5
1497886201,27.04,99.524,100.0865,8665.81,7238,5
1497887101,26.48,98.708,100.0651,11214.35,7236,5
1497888001,28.88,94.816,100.039,18568.79,7232,5
1497888901,30.06,88.909,99.9981,23261.53,7225,5
1497889801,31.9,84.194,99.9778,47359.6,7215,5
1497890701,34.78,76.168,99.9774,106413.95,7197,5
1497891601,33.62,75.76,99.9493,22339.68,7182,5
1497892501,32.79,81.506,99.9349,15970.16,7131,5
1497893401,35.14,76.802,99.9138,14701.45,7118,5
1497894301,36.72,71.124,99.8954,13397.5,7090,5
1497895201,36.26,66.737,99.8908,12807.66,7073,5
1497896101,32.52,79.575,99.9122,9945.65,7074,5
1497897001,27.95,93.971,99.916,5688.79,7092,5
1497897901,27.02,97.392,99.9212,11461.05,7125,5
1497898801,27.21,93.706,99.9112,9890,7145,5
1497899701,27.64,94.144,99.8889,12607.34,7159,5
1497900601,27.47,93.375,99.871,10529.92,7168,5
1497901501,29.85,86.854,99.8723,18459.35,7176,5
1497902401,30.07,82.022,99.8872,11963.71,7178,5
1497903301,30.75,86.014,99.8501,17730.4,7265,5
1497904201,31.71,75.675,99.827,32263.06,7181,5
1497905101,30.36,87.777,99.798,9815.81,7185,5
1497906001,27.61,94.08,99.8421,6467.82,7190,5
1497906901,26.56,97.607,99.8429,6579.11,7195,5
1497907801,26.12,98.015,99.8573,5397.58,7199,5
1497908701,25.16,100,99.8524,3715.24,7204,5
1497909601,24.82,100,99.8735,3095.73,7206,5
1497910501,24.87,100,99.9042,4642.66,7209,5
1497911401,24.64,100,99.9013,2567.1,7212,5
1497912301,23.84,100,99.9193,1124.03,7213,5
1497913201,23.36,100,99.9587,345,7212,5
1497915001,21.39,100,100.0068,345,7004,5
1497915901,21.3,100,99.9812,72.34,7222,5
1497916801,21.19,100,99.9676,25.97,7193,5
1497919501,21.14,100,100.0106,0,7346,5
1497923101,21.1,100,100.0661,0,7518,5
1497924001,21.11,100,100.0368,0,7546,5
1497924901,21.03,100,99.9849,0,7570,5
1497925801,20.69,100,99.9844,0,7602,5
1497926701,20.26,100,100.015,0,7632,5
1497927601,20.37,100,100.0773,0,7660,5
1497928501,20.7,100,100.0975,0,7690,5
1497930301,20.82,100,100.083,0,7721,5
1497970801,28,92.405,100.042,5063.71,7903,5
1497971701,27.81,91.164,100.0499,5024.76,7884,5
1497972601,28.82,87.121,100.0498,4965.4,7864,5
1497973501,30.11,88.229,100.0403,5696.21,7845,5
1497974401,30.79,85.866,100.0287,1897.5,7834,5
1497975301,29.58,87.188,100.0481,947.82,7832,5
1497976201,32.09,73.373,100.059,33236.85,7825,5
1497977101,33.39,71.037,100.0491,112800.16,7815,5
1497978001,32.42,66.846,100.0471,112375.4,7799,5
1497978901,32.36,71.829,100.043,10023.55,7778,5
1497979801,30.28,71.388,100.0295,1897.5,7767,5
1497980701,33.32,74.587,100.0104,7595.56,7757,5
1497981601,30.85,65.18,100.0156,9374.35,7748,5
1497982501,33.23,69.832,100.0122,8855,7744,5
1497983401,34.42,63.053,100.0188,6879.6,7746,5
1497984301,37.13,62.531,100.0041,6712.66,7747,5
1497985201,37.17,57.689,100.0072,6501.21,7751,5
1497986101,34.45,62.908,100.0101,81961.61,7758,5
1497987001,37.53,47.966,100.0084,50297.66,7765,5
1497987901,31.98,70.191,100.0208,7532.5,7768,5
1497988801,32.89,63.726,100.0223,6759.03,7778,5
1497989701,31.34,71.497,100.0269,5894.68,7783,5
1497990601,29.75,73.988,100.0171,3681.85,7864,5
1497991501,29.16,64.291,100.0141,4110.32,7779,5
1497992401,27.81,74.443,100.0147,3483.39,7790,5
1497993301,29.53,71.247,100.0138,4269.84,7804,5
1497994201,29.38,77.309,100.0075,3310.89,7812,5
1497995101,26.54,86.552,100.0098,2437.26,7825,5
1497996001,24.48,91.892,100.0276,3190.32,7834,5
1497996901,23.46,99.743,100.0399,3587.26,7863,5
1497997801,22.78,100,100.0594,3711.53,7833,5
1497998701,22.33,100,100.08,1240.89,7811,5
1497999601,21.17,100,100.0975,1619.27,7788,5
1498000501,20.3,100,100.1174,1042.42,7766,5
1498001401,19.86,100,100.1461,827.26,7745,5
1498002301,19.08,100,100.1612,645.48,7728,5
1498003201,18.63,100,100.1817,456.29,7709,5
1498004101,17.28,100,100.1987,224.44,7691,5
1498005001,16.14,100,100.2098,64.92,7676,5
1498005901,15.38,100,100.2416,7.42,7657,5
1498006801,14.7,100,100.2582,0,7636,5
1498007701,13.93,100,100.2769,0,7621,5
1498008601,13.45,100,100.2833,0,7588,5
1498009501,13.11,100,100.3125,0,7565,5
1498010401,12.77,100,100.3242,0,7539,5
1498011301,12.45,100,100.3203,0,7514,5
1498012201,12.16,100,100.3173,0,7485,5
1498013101,11.82,100,100.3199,0,7464,5
1498014001,11.57,100,100.3297,0,7436,5
1498014901,11.48,100,100.3378,0,7413,5
1498015801,11.25,100,100.3381,0,7380,5
1498016701,11.04,100,100.3371,0,7351,5
1498017601,10.84,100,100.3273,0,7320,5
1498018501,10.55,100,100.3088,0,7286,5
1498019401,10.38,100,100.2979,0,7259,5
1498020301,10.22,100,100.2963,0,7236,5
1498021201,10.02,100,100.2971,0,7211,5
1498022101,9.89,100,100.2924,0,7192,5
1498023001,9.83,100,100.2858,0,7176,5
1498023901,9.7,100,100.2913,0,7155,5
1498024801,9.66,100,100.2895,0,7133,5
1498025701,9.53,100,100.2748,0,7119,5
1498026601,9.46,100,100.26,0,7103,5
1498027501,9.44,100,100.2644,0,7092,5
1498045501,17.48,100,100.2673,2802.66,6968,5
1498046401,17.88,100,100.273,3796.85,6957,5
1498047301,19.61,100,100.2608,5968.87,6942,5
1498048201,21.27,100,100.2405,4985.81,6930,5
1498049101,21.23,100,100.2308,2756.29,6918,5
1498050001,21.14,100,100.222,3116.13,6905,5
1498050901,22.16,97.15,100.2013,6510.48,6895,5
1498051801,24.19,92.101,100.1941,10056.94,6881,5
1498052701,23.45,93.111,100.164,11064.11,6868,5
1498053601,25,89.494,100.1801,10752.5,6854,5
1498054501,26.04,74.739,100.1887,7515.81,6839,5
1498055401,26.06,72.747,100.183,7256.13,6823,5
1498056301,27.87,65.628,100.1565,12230.81,6792,5
1498057201,27.24,70.11,100.1723,8400.56,6766,5
1498058101,28.31,78.654,100.1732,12481.21,6744,5
1498059001,29.23,73.474,100.1463,5199.11,6716,5
1498059901,28.66,76.101,100.1408,6280.48,6691,5
1498061701,29.71,66.396,100.1366,5696.21,6675,5
1498062601,30.89,56.863,100.0986,5696.21,6656,5
1498063501,33.9,62.464,100.0831,110047.58,6649,5
1498063857,33.22,52.834,100.0756,27538.79,7082,4.912
